surface,curvature,subdivision_level,perturbation_scale,pairs,curvature_l2_q25,curvature_l2_median,curvature_l2_q75,ecc_l2_q25,ecc_l2_median,ecc_l2_q75,secc_l2_q25,secc_l2_median,secc_l2_q75
doubly_elliptic_torus,gaussian_curvature,0,0.0001,6,0.028755912306808802,0.030296798331162875,0.03283398798002355,0.0,0.0,0.0,0.0,0.0,0.0
doubly_elliptic_torus,gaussian_curvature,0,0.001325,6,0.4979735118908366,0.5126177687047803,0.5217973038837187,0.16020793883265982,0.1870298036931612,0.19148542155126766,0.00457920291612776,0.0055221412064698945,0.00660377208238391
doubly_elliptic_torus,gaussian_curvature,0,0.00255,6,0.9322070092149786,0.9701507015082065,1.0313417908146174,0.23271698432807775,0.2380476142847613,0.2531610708815611,0.005436369221045782,0.010249211332215572,0.01120646084655678
doubly_elliptic_torus,gaussian_curvature,0,0.003775,6,1.1161002663047603,1.212821080761676,1.3556259584397297,0.23271698432807814,0.24812325201596114,0.2810560733829,0.006720872014103239,0.013568816185372317,0.015850661333798782
doubly_elliptic_torus,gaussian_curvature,0,0.005,6,1.4385915733902466,1.6036420810007133,1.705884543200003,0.28404185815554917,0.3055050463303892,0.3174675306074211,0.013030220889513118,0.015147996973964342,0.016422505063853718
doubly_elliptic_torus,gaussian_curvature,1,0.0001,6,0.060516325174329116,0.0635912476325153,0.06828997327818026,0.05773502691896236,0.05773502691896258,0.07567100029931995,0.0011488725224595413,0.0016129172507026268,0.002104944134064162
doubly_elliptic_torus,gaussian_curvature,1,0.001325,6,0.8592184519954544,0.8908169965807744,0.9145467429755497,0.20204164998665358,0.2120956449467711,0.2325418832003034,0.005934817699391399,0.007848058104398838,0.01038714727431329
doubly_elliptic_torus,gaussian_curvature,1,0.00255,6,1.637657507164044,1.7002611566420853,1.7376378472835086,0.3410912690248242,0.40615528128088324,0.41532754056036175,0.011374885887771012,0.013797040837875179,0.020053079576743935
doubly_elliptic_torus,gaussian_curvature,1,0.003775,6,2.441028593976634,2.4588782320455183,2.5799319036857735,0.3449087610124639,0.3950009453221319,0.4432730665693711,0.01696952751821319,0.02582492909802829,0.029492166155813467
doubly_elliptic_torus,gaussian_curvature,1,0.005,6,3.1124897537518126,3.2746367046261473,3.466943488064433,0.4271705251224634,0.44888505485288416,0.5239734197971302,0.02555907695565128,0.028941091025620622,0.042302809843859375
doubly_elliptic_torus,gaussian_curvature,2,0.0001,6,0.12684192578138054,0.1298543716995328,0.13211763811049848,0.06371368471241516,0.08164965809277244,0.09541241452319286,0.001895687714616061,0.0026665173023212355,0.00329953861032044
doubly_elliptic_torus,gaussian_curvature,2,0.001325,6,1.7217728886622192,1.7582625397527152,1.7958259053294707,0.4572175386040979,0.522359649438628,0.5794774096903306,0.013973176722271139,0.0352320286927143,0.060081894828767454
doubly_elliptic_torus,gaussian_curvature,2,0.00255,6,3.536825208519354,3.554011898937913,3.6437238747348246,0.9063470133281897,0.9371737247284616,0.9539198591186691,0.03840073008767077,0.04336110336698927,0.057175889185547675
doubly_elliptic_torus,gaussian_curvature,2,0.003775,6,4.988661087555513,5.0096083070268405,5.155285006720914,1.4485779213511984,1.5550939618448705,1.6156776348627202,0.07921193379245985,0.1048284455426158,0.13630665725323593
doubly_elliptic_torus,gaussian_curvature,2,0.005,6,6.922432352075335,7.062825270341046,7.229977122315354,1.89650159390257,1.9643802890520101,2.0279645519420217,0.08314549726756544,0.10556387449336782,0.13463220150877298
doubly_elliptic_torus,mean_curvature,0,0.0001,6,0.0054986421716293424,0.005774249698360214,0.005921115052869918,0.05773502691896276,0.09957819157813616,0.16525914962699337,0.001173796555588456,0.002458470590532765,0.0037431446254770737
doubly_elliptic_torus,mean_curvature,0,0.001325,6,0.08351573432140219,0.09021090757618533,0.09995463632801557,0.23094010767585021,0.2309401076758505,0.2698670612749269,0.0038985823158083598,0.005757124762644084,0.007469611242370669
doubly_elliptic_torus,mean_curvature,0,0.00255,6,0.17196611288976732,0.17198529785789457,0.17607678205774102,0.2874070004301055,0.3861179041471355,0.4193213052962692,0.011701574360865285,0.01465147518579802,0.017039701007164298
doubly_elliptic_torus,mean_curvature,0,0.003775,6,0.2527922602799658,0.2649133574253809,0.29387944754010364,0.32648252540782047,0.348733816966515,0.3662390647604962,0.007309994892159421,0.014685127856604217,0.02213624891540921
doubly_elliptic_torus,mean_curvature,0,0.005,6,0.2976618606067729,0.31133956713503064,0.3266345800111887,0.3570657381873824,0.3628517496082549,0.3685505055777633,0.01371587437998674,0.015825146990607192,0.021805754943438057
doubly_elliptic_torus,mean_curvature,1,0.0001,6,0.013778979782369164,0.013832080780847522,0.013938194673819272,0.17777516595548254,0.19982601074894024,0.2140601674468496,0.0024098821492066526,0.0028417184527611233,0.0033293014528000646
doubly_elliptic_torus,mean_curvature,1,0.001325,6,0.18492607965466423,0.18957245435062453,0.19606195524864442,0.3535301257079181,0.3628517496082549,0.37191139692557346,0.007054404875208322,0.007774225064187891,0.00885967684669476
doubly_elliptic_torus,mean_curvature,1,0.00255,6,0.35092798179199003,0.3804892214769301,0.40431940159793234,0.46271698426406876,0.4994540666407305,0.5615454246683365,0.01608423221618084,0.017199123927734428,0.022512738223929817
doubly_elliptic_torus,mean_curvature,1,0.003775,6,0.5493450662353692,0.5549865196077193,0.5669686552906409,0.5407535691759757,0.5893008532444615,0.6567047589455658,0.03934621938564865,0.04759217421003352,0.06585044324374939
doubly_elliptic_torus,mean_curvature,1,0.005,6,0.7046737684524133,0.7359536395574956,0.7593068704631586,0.7952735480593596,0.8184440805608311,0.8557396664137378,0.04175342022273053,0.05840398694971276,0.0722369379018784
doubly_elliptic_torus,mean_curvature,2,0.0001,6,0.029610498164496027,0.030015180620054094,0.030827026072005156,0.15538922142028247,0.16825219847121636,0.22701300089796025,0.003111862564312488,0.0035927374666022047,0.004113321348639096
doubly_elliptic_torus,mean_curvature,2,0.001325,6,0.39393660583539747,0.4027633135515586,0.4113049266981503,0.7226900014794109,0.7560470465903808,0.7637626158259736,0.021713126076534375,0.02866040761092095,0.03196561203610922
doubly_elliptic_torus,mean_curvature,2,0.00255,6,0.7728364593379093,0.7921429676045293,0.8030942205347767,1.689077965306589,1.7226428931717512,1.7253017030033717,0.11826040923068339,0.13999512405343456,0.2119484346257282
doubly_elliptic_torus,mean_curvature,2,0.003775,6,1.125870924235831,1.1432949041262468,1.1599322345052752,2.4062729048530294,2.501382842311628,2.798521252828054,0.15415667693734397,0.23896550502784147,0.37442411353470756
doubly_elliptic_torus,mean_curvature,2,0.005,6,1.5060361972930716,1.5378918946292846,1.5785696623872687,3.0555899762812144,3.157778855080079,3.265384687738096,0.16190503674135398,0.17431963750276502,0.24653863130294884
ellipsoid,gaussian_curvature,0,0.0001,6,0.022999289664713533,0.023821498066898286,0.02468730246376108,0.01443375672974063,0.05773502691896252,0.05773502691896252,0.0002770847837148647,0.0011083391348594587,0.0011083391348594587
ellipsoid,gaussian_curvature,0,0.001325,6,0.2638217268915299,0.289591016617432,0.3036228815626706,0.15538922142028228,0.16329931618554516,0.19694977900634603,0.00541499266159086,0.007138884589683815,0.01042739900501162
ellipsoid,gaussian_curvature,0,0.00255,6,0.46155850556279027,0.5513790301624966,0.6504200806330815,0.20204164998665328,0.24842086727071305,0.313260052673527,0.010504734082906536,0.01924858240571986,0.0279055912505016
ellipsoid,gaussian_curvature,0,0.003775,6,0.7501749508670804,0.8201812170109606,0.8472608645659793,0.21123724356957935,0.25157393201273937,0.2766817567927544,0.012850457662901195,0.017124722484736433,0.021272722537819432
ellipsoid,gaussian_curvature,0,0.005,6,1.1072339520287282,1.1683407221200333,1.2392428505738755,0.2380476142847618,0.24485438106356017,0.2565644542709605,0.006226656509699017,0.009413848264531439,0.013817558965376918
ellipsoid,gaussian_curvature,1,0.0001,6,0.038779496528459995,0.03973986886930554,0.042607990820948724,0.05773502691896276,0.06969234250586764,0.09541241452319317,0.0011872869096234593,0.0012477064134857863,0.0016183531178438056
ellipsoid,gaussian_curvature,1,0.001325,6,0.5231348669201206,0.5477763226760264,0.5887904131373648,0.2723228256402164,0.29917124373185056,0.354225035094191,0.0069107671940365125,0.015241428516044635,0.02439205814196565
ellipsoid,gaussian_curvature,1,0.00255,6,0.9568076986666557,0.9757998492225838,1.0021652580937066,0.46952375104286714,0.5114687689776899,0.5337911711027535,0.0292941341582355,0.036230192478800174,0.047653002094083366
ellipsoid,gaussian_curvature,1,0.003775,6,1.5622772380088157,1.5977649600179789,1.6284563532579612,0.6607932552513159,0.6935632718101874,0.7622578319936173,0.04950404378856994,0.06271960608394324,0.07770897186201148
ellipsoid,gaussian_curvature,1,0.005,6,2.060506348488971,2.087564304371039,2.135656506993411,0.7696143312696375,0.8807704013582879,0.9969372958763746,0.02992645682870911,0.03316971927309713,0.04106903179511286
ellipsoid,gaussian_curvature,2,0.0001,6,0.08044408904725411,0.082566027065922,0.08403932327942365,0.11887740159683913,0.14092598401938772,0.15275252316519472,0.0032618658232133387,0.0039371785431649925,0.004504322136804512
ellipsoid,gaussian_curvature,2,0.001325,6,1.085538325356511,1.1108607413915126,1.12145801323855,1.0521475596408632,1.1187728974720157,1.130256577406367,0.027555224189627546,0.041364893737534665,0.053738907703791604
ellipsoid,gaussian_curvature,2,0.00255,6,1.9808653974144592,2.0401714975380383,2.077074352307925,1.8127114188236317,1.8928514907548033,2.0285967105056337,0.0684326575480079,0.12468528690763458,0.17645246404071516
ellipsoid,gaussian_curvature,2,0.003775,6,3.1581961240898773,3.1767750973482602,3.2613383425317335,2.7298699379460256,3.106659226186478,3.284407563377658,0.22148168304272006,0.30167853913062637,0.40531044979211156
ellipsoid,gaussian_curvature,2,0.005,6,4.261304624312308,4.3826537492010935,4.431377228461382,3.1262232655701228,3.3610812525209126,3.7773223029897385,0.18452713831257805,0.21251389858179826,0.2847379456969743
ellipsoid,mean_curvature,0,0.0001,6,0.003702359432174281,0.003911372260942739,0.004313129050346435,0.0,0.0,0.0,0.0,0.0,0.0
ellipsoid,mean_curvature,0,0.001325,6,0.047563594716692636,0.05242107455941351,0.05329912791344356,0.17320508075688779,0.1778896332959718,0.20766206391896025,0.005594107261595378,0.006754677030642029,0.007597217958693092
ellipsoid,mean_curvature,0,0.00255,6,0.09256904132138934,0.09464879095422746,0.10237775864658014,0.2466270176693278,0.25811813947440854,0.2869378044348108,0.011709499186697359,0.012646611613414311,0.016873338879918306
ellipsoid,mean_curvature,0,0.003775,6,0.1382246554666491,0.14193475590550766,0.14811657428525432,0.26374586088176877,0.30000000000000004,0.3160912690248241,0.015450329024570638,0.018527493864611583,0.01952149773479104
ellipsoid,mean_curvature,0,0.005,6,0.19732384931913896,0.19993120757328373,0.2063856989076176,0.29150635094610977,0.3054563175514802,0.344655115076523,0.008902718264551773,0.012648200069594337,0.020211229177756695
ellipsoid,mean_curvature,1,0.0001,6,0.007503751412304059,0.007740479599784603,0.007877556535058415,0.1154700538379253,0.12228474935575306,0.14683925359229125,0.001838856983180033,0.002528772634946626,0.003197944991487891
ellipsoid,mean_curvature,1,0.001325,6,0.09891419246342184,0.10373181794676961,0.11181496895914679,0.391957762263478,0.4339696371239623,0.47125689224325285,0.017601432618052963,0.030594644007520128,0.04577291476940045
ellipsoid,mean_curvature,1,0.00255,6,0.1860811204324458,0.19102465677607922,0.1930027883317354,0.6088692640191846,0.6337376739087555,0.7263156885811275,0.024878681332673756,0.03274390593987572,0.04646212280340699
ellipsoid,mean_curvature,1,0.003775,6,0.28217291773874403,0.29515222108769423,0.2978541621997506,0.8809086180884129,0.9461672004188075,1.1131170834533233,0.07572823541521313,0.10873726812563608,0.13247999823719894
ellipsoid,mean_curvature,1,0.005,6,0.3777865490254514,0.3822522109314331,0.38434095697091575,1.1781414767169884,1.350337917280827,1.421337921929332,0.06668641600895828,0.09038927948809658,0.11917926039176074
ellipsoid,mean_curvature,2,0.0001,6,0.015175823057065028,0.015482172000126325,0.01584539925225254,0.30137626158259734,0.3185837626829646,0.3601790324191204,0.006131195923177498,0.010422022407411313,0.01537513918092884
ellipsoid,mean_curvature,2,0.001325,6,0.2069904352518958,0.2071144432746842,0.21420070574320246,1.536286359518487,1.6945523452127682,1.8507508266557313,0.06796840943265653,0.0836373010438603,0.13487489009852277
ellipsoid,mean_curvature,2,0.00255,6,0.3860694559240804,0.3889392627216628,0.3960498382280755,2.472756236951422,2.6885663916753053,2.7869549582130513,0.10814364011774534,0.1317677017919165,0.16097408852008044
ellipsoid,mean_curvature,2,0.003775,6,0.601469384690079,0.6062452296016163,0.6090603215576232,3.8290514116565415,3.981095655727474,4.070601677554049,0.3398979519481499,0.49653561052790074,0.5194493706172504
ellipsoid,mean_curvature,2,0.005,6,0.7972545103603207,0.8062799738121258,0.8228630616833587,3.7915875173456466,4.317197583859521,4.59139555642122,0.3710905661265122,0.3851640869012358,0.5672666758123623
product_sine_graph,gaussian_curvature,0,0.0001,6,0.041813983600160545,0.045173483388154384,0.04706100002450434,0.0,0.0,0.0,0.0,0.0,0.0
product_sine_graph,gaussian_curvature,0,0.001325,6,0.6827102281625478,0.7615271235930293,0.7898785325998204,0.0,0.0,0.0,0.0,0.0,0.0
product_sine_graph,gaussian_curvature,0,0.00255,6,1.2258195169815442,1.2749621008621626,1.2786419959540019,0.0,0.0,0.0,0.0,0.0,0.0
product_sine_graph,gaussian_curvature,0,0.003775,6,2.018521301298495,2.1741700417048735,2.2757171169291297,0.0,0.0,0.0,0.0,0.0,0.0
product_sine_graph,gaussian_curvature,0,0.005,6,2.2926476621413254,2.6225511843818907,2.8650358894193118,0.0,0.0,0.0,0.0,0.0,0.0
product_sine_graph,gaussian_curvature,1,0.0001,6,0.20502936063054625,0.21715971985093005,0.24159773636827114,0.0,0.0,0.0,0.0,0.0,0.0
product_sine_graph,gaussian_curvature,1,0.001325,6,2.6312660847705116,2.746376513383706,2.7766653218143107,0.05773502691896276,0.08660254037844414,0.11547005383792552,0.000962261140261424,0.001443391710392497,0.0019245222805235702
product_sine_graph,gaussian_curvature,1,0.00255,6,5.729234106312811,6.216035384304048,6.402992606145801,0.1299038105676662,0.20207259421636967,0.27424137786507313,0.00216508756558887,0.003367913990915637,0.0045707404162424045
product_sine_graph,gaussian_curvature,1,0.003775,6,7.733747327405749,7.9545687350720655,8.504388802753635,0.19466566629525467,0.23449386098030672,0.27601825451730094,0.0037953820473310956,0.004292024523907331,0.004792230397673333
product_sine_graph,gaussian_curvature,1,0.005,6,9.953968819491747,10.096015842374305,11.297877012014732,0.05773502691896276,0.13687985843294578,0.2524375208165768,0.0009622611402617747,0.0032147010205506163,0.00617496811328595
product_sine_graph,gaussian_curvature,2,0.0001,6,0.589298623038295,0.6406740795014394,0.6552158586370129,0.13764941270157216,0.16825219847121703,0.18023190956551405,0.0023769111857961838,0.0026475588468889465,0.0028440066108059298
product_sine_graph,gaussian_curvature,2,0.001325,6,7.800399202667137,8.026387764797379,8.205025856328408,0.165577920749173,0.27448012469386196,0.31881942780056494,0.003371033755653883,0.004944364674780453,0.006004850379160636
product_sine_graph,gaussian_curvature,2,0.00255,6,16.526412910852695,16.722685908137606,17.22397970099134,0.13217992271451295,0.15731321849709892,0.1802319095655136,0.002467570405638706,0.002618449819979672,0.0030639875820407895
product_sine_graph,gaussian_curvature,2,0.003775,6,24.189021304228362,25.08113229674994,25.9560510937999,0.2398738819611878,0.30245145030582554,0.32780380078086463,0.004812228721491899,0.005786206121066869,0.006801366104415759
product_sine_graph,gaussian_curvature,2,0.005,6,29.070174305200936,30.334142424774363,31.593122217801948,0.2794772216984965,0.3506582246158272,0.39581140290126493,0.004265266183633123,0.0046826466030755595,0.006329864709165043
product_sine_graph,mean_curvature,0,0.0001,6,0.002740302278624691,0.0029565383406845985,0.0031699423929367012,0.05773502691896276,0.08660254037844414,0.1587713240271476,0.0009622611402613019,0.0014433917103923704,0.0026462181357194154
product_sine_graph,mean_curvature,0,0.001325,6,0.043082646923922024,0.04465522364278866,0.05345906198457967,0.08164965809277269,0.10537455148317679,0.16217867178606143,0.0008164965809277315,0.0017418072991432082,0.0028318670699284364
product_sine_graph,mean_curvature,0,0.00255,6,0.07524036042298053,0.07613757433138807,0.08233222049338013,0.0,0.0,0.0,0.0,0.0,0.0
product_sine_graph,mean_curvature,0,0.003775,6,0.09544805606084303,0.10096965886132295,0.1055172903354608,0.05773502691896276,0.06969234250586781,0.08164965809277287,0.000962261140261964,0.0013797692296203638,0.0017972773189787639
product_sine_graph,mean_curvature,0,0.005,6,0.13924927773731247,0.14414350559425224,0.14738726726190196,0.11887740159683928,0.12909944487358072,0.13834087839637763,0.0019014363535870505,0.0024014771048038474,0.002884406856685767
product_sine_graph,mean_curvature,1,0.0001,6,0.01070741549735339,0.011146891441419508,0.011361413631580476,0.11547005383792552,0.11547005383792552,0.11547005383792552,0.0019245222805226556,0.0019245222805230797,0.0019245222805235039
product_sine_graph,mean_curvature,1,0.001325,6,0.152334728482521,0.16097735651073275,0.16667324037620054,0.1681180335979232,0.1992994378909924,0.22721125324362057,0.0016545358998899258,0.002557615252509977,0.0037129886569352883
product_sine_graph,mean_curvature,1,0.00255,6,0.2963986030004677,0.30319600855322704,0.30859339542669056,0.22544012523144738,0.23449386098030656,0.28030592522938724,0.003936233732979013,0.004426548329016473,0.006928495365848776
product_sine_graph,mean_curvature,1,0.003775,6,0.4391066385393809,0.44243987531284157,0.4573760552074403,0.25588051435744175,0.2943375672974068,0.3274876234590518,0.004533189152166528,0.006162020436721817,0.008034102661275846
product_sine_graph,mean_curvature,1,0.005,6,0.5728760634737584,0.5809170473490153,0.5885618241913133,0.2597929500869862,0.2766251328506366,0.30535325997592433,0.005523677025552682,0.007627713661139297,0.008677136709433006
product_sine_graph,mean_curvature,2,0.0001,6,0.02888388247768526,0.02892254476758102,0.029280191832933133,0.05773502691896276,0.05773502691896276,0.05773502691896276,0.000962261140261138,0.0009622611402613675,0.0009622611402615968
product_sine_graph,mean_curvature,2,0.001325,6,0.3705767181861859,0.3875670752570437,0.3893459109659238,0.23612036771747777,0.26123121399844573,0.279832354394598,0.0024730453828473616,0.0034621324366998513,0.004957461512958461
product_sine_graph,mean_curvature,2,0.00255,6,0.7099960047885177,0.7287589964276858,0.7326411241811395,0.35512661987430577,0.40202984668256403,0.4173000779389283,0.003328078902831082,0.004290827724487752,0.004831838249862271
product_sine_graph,mean_curvature,2,0.003775,6,1.0972119241893747,1.1032774543278832,1.1325105788171206,0.4377852098959677,0.4955968570134177,0.6229861917568822,0.0074530646827201015,0.011330069332927833,0.012800237444709109
product_sine_graph,mean_curvature,2,0.005,6,1.3655125717734946,1.4404943989641423,1.4778978727094028,0.47676583897728286,0.5415238510754943,0.5575106542758197,0.006071715693660701,0.006583748530254332,0.008132359486433505
helicoid_patch,gaussian_curvature,0,0.0001,6,0.08096602980829762,0.09131803112514422,0.1070789432411395,0.1414213562373095,0.1573132184970986,0.17320508075688776,0.0028945771562386307,0.005978227991021694,0.009059532150579336
helicoid_patch,gaussian_curvature,0,0.001325,6,1.3238260083460125,1.7988848534367232,2.04436005131849,0.6867571120729574,0.7257144013675377,0.7733465558577566,0.053224436238915915,0.06618265625423068,0.10092046351562874
helicoid_patch,gaussian_curvature,0,0.00255,6,2.704190945325853,3.396357347980744,4.086890824318859,0.8518390999472665,0.957487276191664,1.0981325664531747,0.08417792689656207,0.14913102392236746,0.1800082113411249
helicoid_patch,gaussian_curvature,0,0.003775,6,4.116575515477477,4.84178472309862,5.405833305782852,1.1540619455246341,1.2264524474361036,1.4291230072604892,0.11465248765781356,0.16827847293103299,0.2024273404204383
helicoid_patch,gaussian_curvature,0,0.005,6,4.860050973900966,6.010414057164398,6.084703351972019,1.1892749527517328,1.3753380543272884,1.5906566275165572,0.16035994842324586,0.23487651242103558,0.32096282984356717
helicoid_patch,gaussian_curvature,1,0.0001,6,0.2259031756211066,0.26190910003550105,0.264041813231832,0.5736640671695972,0.6039616225610401,0.6522785153950326,0.03327462238626355,0.03975877014238702,0.04623120534786611
helicoid_patch,gaussian_curvature,1,0.001325,6,3.635295461457142,3.697011702648095,4.372745206695057,1.3492205435999125,1.385057379334964,1.5477773714438063,0.13250180925374808,0.16948989590735047,0.19036525879080213
helicoid_patch,gaussian_curvature,1,0.00255,6,6.210256633942542,6.89062108228714,7.1326972323243485,1.5023974832452578,1.9585724793313177,2.498315210398609,0.1295239174220875,0.1484195668934678,0.19479722612364253
helicoid_patch,gaussian_curvature,1,0.003775,6,7.375782868727645,8.234694330711976,8.644199226280179,1.543198605969006,1.7228465884595183,1.8690044508446317,0.13628095979982255,0.1953605046824648,0.2325919439489749
helicoid_patch,gaussian_curvature,1,0.005,6,11.284924609747042,11.703395045850069,12.429455960225887,1.8480800569688587,2.0289114335693332,2.250478646337478,0.15127354553607375,0.2377602351585222,0.2936738609357472
helicoid_patch,gaussian_curvature,2,0.0001,6,0.6904671174702619,0.7192739891498297,0.7420932753938554,1.510869889289884,1.6111613099293347,1.8650512052639918,0.19282471821123684,0.21700491608005962,0.2636684133723891
helicoid_patch,gaussian_curvature,2,0.001325,6,7.982583155898048,8.485784479280802,8.745961928961444,3.6264254151286552,3.862106995645945,3.977777366718338,0.30816463198860944,0.3786339503931688,0.49145117772352825
helicoid_patch,gaussian_curvature,2,0.00255,6,14.698334306996214,15.25073149970178,15.867654922814637,4.235016093693479,4.394280622157561,4.68172856279877,0.35401611027635466,0.4753316126064577,0.5867384198441934
helicoid_patch,gaussian_curvature,2,0.003775,6,21.548279969185884,25.49392836627256,26.741220081946132,5.1108888196649245,5.639161669664407,6.101803971295445,0.39903039989497724,0.5599158604442604,0.7000994218190495
helicoid_patch,gaussian_curvature,2,0.005,6,28.852461915866808,45.501872712807334,60.88039162669002,5.082549340720225,5.420917644890294,6.033816838498858,0.4453289978532947,0.738453178364398,1.2795005173730916
helicoid_patch,mean_curvature,0,0.0001,6,0.012422361536449099,0.013622319934556409,0.014399957310955194,0.12479067116974252,0.1527525231651946,0.15275252316519466,0.0010187054179409518,0.001488209080681466,0.001989714547513393
helicoid_patch,mean_curvature,0,0.001325,6,0.16600651185764587,0.16903786940913001,0.17594893073110235,0.5371671384133634,0.6141519546792134,0.7080267591562353,0.02094421605908736,0.022247546925472796,0.022825336199597642
helicoid_patch,mean_curvature,0,0.00255,6,0.3100805298394311,0.3200103155653641,0.3309894339158779,0.8015006386124777,0.8305751272524412,0.8514540252282243,0.03352850305042411,0.035442383772047496,0.03828635769860182
helicoid_patch,mean_curvature,0,0.003775,6,0.3738139234262039,0.406818980310227,0.4617315574688793,0.9761089652759646,1.031077927444501,1.1241781486928386,0.04146269280830327,0.054730836236044536,0.059950457974810745
helicoid_patch,mean_curvature,0,0.005,6,0.583417533473521,0.6018649346944668,0.6569507455059358,0.9268965214473532,0.955492114080053,1.0526043429883958,0.03262728634619627,0.04662713893421147,0.06291796997299907
helicoid_patch,mean_curvature,1,0.0001,6,0.026255164730729547,0.026492875580540177,0.027059956785933766,0.4637002326111418,0.5195756359400037,0.5330572420890552,0.002281465477538358,0.0066064873905022385,0.01108031529292772
helicoid_patch,mean_curvature,1,0.001325,6,0.3431175960586875,0.3496703943806051,0.36130473641700867,1.3465929136181676,1.7179973774859312,2.117789097264188,0.04818385679552401,0.07833151534696137,0.11576921103786256
helicoid_patch,mean_curvature,1,0.00255,6,0.6634419454033704,0.6923006226928674,0.7059363776904701,2.3244645529369934,2.894212968658124,3.0856848407682147,0.18814688977966335,0.2250147445029065,0.2482083806838472
helicoid_patch,mean_curvature,1,0.003775,6,0.9333068574010226,0.9668135182553188,0.9834964708410139,2.809918823895705,3.115970430987919,3.442129331476351,0.25665438073015734,0.299965742938586,0.3806305095183346
helicoid_patch,mean_curvature,1,0.005,6,1.330992598519412,1.3687290398168623,1.3861441980828866,2.936617725292059,3.104834196793485,3.430692878023891,0.15668018174409762,0.2235750644541069,0.2759910939490605
helicoid_patch,mean_curvature,2,0.0001,6,0.05266352496853084,0.05291053212505596,0.053226258636897186,1.5326116150118578,1.7800745447561326,2.0010411028460378,0.014543346384284983,0.01771894783679496,0.026179050132453897
helicoid_patch,mean_curvature,2,0.001325,6,0.7203500820364079,0.7346242579450434,0.7499491651316909,4.28195515948639,5.155989822824578,5.7079259736459615,0.29300656204586073,0.3325987458472532,0.36410366287281815
helicoid_patch,mean_curvature,2,0.00255,6,1.3696397582832294,1.4068489459187996,1.427322438680817,6.237028409921553,6.5944967367944765,7.241525619149311,0.5770254277132103,0.6326836003340894,0.7308552431665377
helicoid_patch,mean_curvature,2,0.003775,6,1.9724302869874364,1.9911187975208635,2.0289589694310184,6.088356906721125,7.167992406448194,7.998527297146927,0.4741921242654705,1.1339822265281263,1.780327572494758
helicoid_patch,mean_curvature,2,0.005,6,2.5682509244560463,2.5860095722053122,2.629016104750837,7.655797188384754,8.071314775603174,8.09727306178546,0.8694102798879981,0.9643381329056739,1.1284940945787507
pseudosphere_patch,gaussian_curvature,0,0.0001,6,0.04504834093751275,0.04834290512894104,0.05185273345260127,0.10386751345948136,0.12228474935575309,0.16920550059468714,0.001991012245845143,0.00261521807235652,0.00313870469464981
pseudosphere_patch,gaussian_curvature,0,0.001325,6,0.6112012144669006,0.6343159273444228,0.7333967954939722,0.46904157598234264,0.5400258343215607,0.6310306849079196,0.012608374787737676,0.016094206739376407,0.016631046164085308
pseudosphere_patch,gaussian_curvature,0,0.00255,6,1.0622334858808093,1.1222991604108703,1.2144429395400085,0.7354130620220152,0.7416062278849234,0.7494417565065468,0.0329292192722853,0.03847183339631702,0.049181294736572824
pseudosphere_patch,gaussian_curvature,0,0.003775,6,1.3108754826006928,1.5134878972797399,1.8961910791395815,0.9292873113483262,1.0640708376645915,1.2228648748162474,0.0515353836948511,0.06421955505225335,0.07495416840584954
pseudosphere_patch,gaussian_curvature,0,0.005,6,2.4780695554494416,2.6425526280962988,3.185058048236039,0.921767318790059,0.9565527530397451,0.964360413475108,0.04653915563185652,0.05392918584574974,0.06292622524825965
pseudosphere_patch,gaussian_curvature,1,0.0001,6,0.1299439266100068,0.1440064497266744,0.152827161527775,0.42228161014517257,0.46739861220393086,0.516367132982754,0.0033053467885561763,0.005072834492701472,0.005656587858444943
pseudosphere_patch,gaussian_curvature,1,0.001325,6,1.439730470243456,1.4833320151990206,1.6141042650510005,1.3326103050102773,1.4699421915630817,1.6003845857429044,0.05134378884474048,0.08480724246812671,0.09872714379985455
pseudosphere_patch,gaussian_curvature,1,0.00255,6,3.644684263042626,3.7609770546653083,3.994171083521473,2.0266629780157803,2.0473559780834476,2.0568922073282936,0.08271429791049906,0.09946886356617102,0.11139549672804883
pseudosphere_patch,gaussian_curvature,1,0.003775,6,4.355556451582116,4.448149884197775,4.605997419595833,2.3648940769318014,2.702997865042825,2.935170921798257,0.1727739654126436,0.1846034877010844,0.198439625338741
pseudosphere_patch,gaussian_curvature,1,0.005,6,5.36577162931807,6.632534994613651,7.398939086584707,2.552255468452957,2.918510936157502,3.035684768882058,0.179272735753891,0.2005488301204179,0.23555589998598703
pseudosphere_patch,gaussian_curvature,2,0.0001,6,0.2924302659298562,0.31121966463005046,0.35217674522135717,1.1643293135546315,1.4611379540563376,1.6659038082614552,0.005851445229213754,0.010504967588670203,0.012050835483575368
pseudosphere_patch,gaussian_curvature,2,0.001325,6,3.873990328642308,4.103182792650008,4.442579492522928,4.610609079131308,6.209432415066324,6.905048492312545,0.2491975691425455,0.34550095224824257,0.40194637653266846
pseudosphere_patch,gaussian_curvature,2,0.00255,6,7.799463464993063,8.606212082970565,9.217030633308571,5.059441802281443,5.819206110710394,5.930825089774699,0.4027571088911861,0.42655279233713805,0.4858028903573647
pseudosphere_patch,gaussian_curvature,2,0.003775,6,12.10689681073367,12.57696524318532,12.763868085854792,7.023597640503738,9.094083317186088,9.476464605911586,1.021473395270963,1.3719670739435283,1.7701342146628805
pseudosphere_patch,gaussian_curvature,2,0.005,6,15.57712823948355,16.288708115366866,16.843159871753414,8.286526044265415,9.113127540270867,9.885372525000884,0.9175710058794742,1.066325405263691,1.16708158087661
pseudosphere_patch,mean_curvature,0,0.0001,6,0.005485509663828181,0.006057693011830033,0.006662832770333744,0.01443375672974057,0.05773502691896228,0.05773502691896228,0.0002459889128954594,0.0009839556515818376,0.0009839556515818376
pseudosphere_patch,mean_curvature,0,0.001325,6,0.06176552532019065,0.06459435330141178,0.06758512047576179,0.24662701766932785,0.27583057392117916,0.3199489742783178,0.007848422172455467,0.010998415256507495,0.012828378387492238
pseudosphere_patch,mean_curvature,0,0.00255,6,0.1417517350683145,0.17307992789170795,0.1964989123941603,0.36506481808980407,0.40724189203704275,0.43588989435406716,0.011810144404000364,0.014985767051359362,0.018314856757169318
pseudosphere_patch,mean_curvature,0,0.003775,6,0.2022405820557186,0.2290082926386732,0.248128879010659,0.4329342133416181,0.46855577202829696,0.4924407018128777,0.02135287862532171,0.029918238513650892,0.03509358605428136
pseudosphere_patch,mean_curvature,0,0.005,6,0.24656411956467275,0.26285758236363155,0.27489001231380017,0.4310550307855693,0.4489772173856738,0.5090577383253835,0.02110106077717549,0.02480243595627809,0.03611188219518595
pseudosphere_patch,mean_curvature,1,0.0001,6,0.014722858870902775,0.015653936502178285,0.016130710823942445,0.15275252316519475,0.17211897235823118,0.20988987284801336,0.0028950159716376743,0.0032640780726828165,0.004171459674211036
pseudosphere_patch,mean_curvature,1,0.001325,6,0.15536143178939416,0.16026698272704543,0.1625659738267241,0.5701159899876262,0.6826200817767684,0.7577082269864546,0.0232513093912182,0.02710583173012416,0.031236626426013908
pseudosphere_patch,mean_curvature,1,0.00255,6,0.3311847827535399,0.33544138244191957,0.33936022419663636,1.1220848920978566,1.1595540687388164,1.2207742825724437,0.09698876250485496,0.11379529976322393,0.1314352783090788
pseudosphere_patch,mean_curvature,1,0.003775,6,0.45454885960207136,0.4698378371949027,0.49341657693560886,1.041515873105408,1.3064416437147037,1.4841948329079995,0.09072954573971295,0.11225909306486676,0.1391651522710789
pseudosphere_patch,mean_curvature,1,0.005,6,0.6468216567259486,0.6707850076523754,0.678293840459273,1.0596814721887724,1.2126716562321442,1.4317883993303608,0.10907296051225226,0.11374528223604322,0.14525460294464704
pseudosphere_patch,mean_curvature,2,0.0001,6,0.030384502826974854,0.031684577689639754,0.032362397184167384,0.40206207261596566,0.41625617958789596,0.4301030520983749,0.005348046995270593,0.008829333303049549,0.00950225576624416
pseudosphere_patch,mean_curvature,2,0.001325,6,0.37278831043151534,0.3913370826086636,0.40195280550583445,1.721980658230903,1.8514547136111357,1.9878658429348388,0.1050912783567208,0.1926779660615761,0.25816616994468594
pseudosphere_patch,mean_curvature,2,0.00255,6,0.6887080121207428,0.7173491362016859,0.7397583607297603,2.8897087500300094,3.0971587759736567,3.189563150404212,0.24410805020143084,0.30696720481569717,0.3420786086307115
pseudosphere_patch,mean_curvature,2,0.003775,6,1.0459885809504876,1.0662403994678922,1.0801390124123431,3.7112059707221756,3.990913620940569,4.127446932646819,0.3420765321356534,0.3731979750485944,0.4346937140876134
pseudosphere_patch,mean_curvature,2,0.005,6,1.4086272041417163,1.4450041095386772,1.482129705503524,3.61090932274295,4.086415505453007,4.484183246703175,0.26579115833811334,0.4091129283177326,0.5421226335535867
