surface,curvature,flip_regime,flip_fraction,levels,initial_vertex_count,final_vertex_count,ecc_exact_jump_count_initial,ecc_exact_jump_count_final,ecc_exact_jump_count_growth_factor,ecc_exact_jump_count_vertex_power,ecc_exact_total_variation_initial,ecc_exact_total_variation_final,ecc_exact_total_variation_growth_factor,ecc_exact_total_variation_vertex_power,ecc_sampled_jump_count_initial,ecc_sampled_jump_count_final,ecc_sampled_jump_count_growth_factor,ecc_sampled_jump_count_vertex_power,ecc_sampled_total_variation_initial,ecc_sampled_total_variation_final,ecc_sampled_total_variation_growth_factor,ecc_sampled_total_variation_vertex_power
doubly_elliptic_torus,gaussian_curvature,baseline,0.0,4,64,4096,12.0,15.0,1.25,0.05792146813022421,16.0,16.0,1.0,2.8412435056665883e-17,6.0,6.0,1.0,-8.719124876046078e-17,16.0,16.0,1.0,2.8412435056665883e-17
doubly_elliptic_torus,gaussian_curvature,stress,0.05,4,64,4096,24.0,1510.5,62.9375,1.0133767072288067,24.0,1548.0,64.5,1.019341429588392,19.5,312.5,16.025641025641026,0.6887134862635663,22.5,772.0,34.31111111111111,0.8644377834994886
doubly_elliptic_torus,gaussian_curvature,stress,0.1,4,64,4096,22.5,2135.5,94.91111111111111,1.0958676951056552,24.0,2230.0,92.91666666666667,1.0920540686423565,19.0,347.5,18.289473684210527,0.7025149203705204,22.5,959.5,42.644444444444446,0.9050112194911272
doubly_elliptic_torus,gaussian_curvature,quality_controlled,0.05,4,64,4096,19.0,1289.0,67.84210526315789,1.0149381338872239,20.0,1320.0,66.0,1.0066591179037678,16.0,287.0,17.9375,0.7101835999011837,19.0,615.0,32.36842105263158,0.839978350367035
doubly_elliptic_torus,gaussian_curvature,quality_controlled,0.1,4,64,4096,26.5,1808.0,68.22641509433963,1.017579514991408,28.0,1884.0,67.28571428571429,1.0147818162030178,24.5,327.0,13.346938775510203,0.6385219107664508,26.5,759.0,28.641509433962263,0.8163730892307203
doubly_elliptic_torus,mean_curvature,baseline,0.0,4,64,4096,15.0,20.0,1.3333333333333333,0.0622556248918264,16.0,20.0,1.25,0.048289214233104144,6.0,6.0,1.0,1.9095635694757748e-17,16.0,20.0,1.25,0.048289214233104144
doubly_elliptic_torus,mean_curvature,stress,0.05,4,64,4096,26.0,1655.0,63.65384615384615,1.007661847833494,27.0,1695.0,62.77777777777778,1.005271466336345,21.0,344.0,16.38095238095238,0.6812438373673981,24.0,761.5,31.729166666666668,0.8354679099119506
doubly_elliptic_torus,mean_curvature,stress,0.1,4,64,4096,29.0,2283.5,78.74137931034483,1.054336124082256,31.0,2376.0,76.64516129032258,1.0485582305509409,23.5,381.0,16.21276595744681,0.6737225489460945,26.5,988.0,37.283018867924525,0.87209268204517
doubly_elliptic_torus,mean_curvature,quality_controlled,0.05,4,64,4096,24.5,1338.5,54.63265306122449,0.9709573596362197,25.0,1366.0,54.64,0.9706114997620573,20.5,310.0,15.121951219512194,0.6731768225237577,23.5,655.0,27.872340425531913,0.8143822084150204
doubly_elliptic_torus,mean_curvature,quality_controlled,0.1,4,64,4096,30.0,1856.0,61.86666666666667,0.998341687869018,32.0,1922.0,60.0625,0.9912890901629825,25.0,346.0,13.84,0.6435384810526239,29.0,812.0,28.0,0.8094388851866533
ellipsoid,gaussian_curvature,baseline,0.0,4,58,3586,5.0,38.0,7.6,0.5045885952311621,6.0,38.0,6.333333333333333,0.46495004963069403,3.0,7.0,2.3333333333333335,0.1853100113403212,6.0,22.0,3.6666666666666665,0.28416234217024533
ellipsoid,gaussian_curvature,stress,0.05,4,58,3586,18.0,1633.0,90.72222222222223,1.092714806889593,18.0,1677.0,93.16666666666667,1.0998311106744059,12.0,287.5,23.958333333333332,0.7733536504784698,13.5,683.5,50.629629629629626,0.9505210949933471
ellipsoid,gaussian_curvature,stress,0.1,4,58,3586,22.0,2096.5,95.29545454545455,1.106171660838904,22.0,2196.0,99.81818181818181,1.1178531003769157,14.0,323.0,23.071428571428573,0.7742028399288812,15.5,846.5,54.61290322580645,0.9819012045422412
ellipsoid,gaussian_curvature,quality_controlled,0.05,4,58,3586,13.5,1547.5,114.62962962962963,1.1451895946518584,14.0,1593.0,113.78571428571429,1.143721417669159,9.0,283.0,31.444444444444443,0.8296128894842703,11.0,707.0,64.27272727272727,0.9991451032899366
ellipsoid,gaussian_curvature,quality_controlled,0.1,4,58,3586,21.5,2016.5,93.79069767441861,1.1070785329623563,22.0,2104.0,95.63636363636364,1.1118809410412442,14.0,322.0,23.0,0.7614555038077333,16.0,883.0,55.1875,0.9695286432527024
ellipsoid,mean_curvature,baseline,0.0,4,58,3586,6.0,74.0,12.333333333333334,0.6277833620138068,6.0,74.0,12.333333333333334,0.6277833620138068,3.0,13.0,4.333333333333333,0.36252931395039445,6.0,50.0,8.333333333333334,0.5267645667251042
ellipsoid,mean_curvature,stress,0.05,4,58,3586,19.0,1689.0,88.89473684210526,1.0847996525131074,19.0,1727.0,90.89473684210526,1.0888665571951974,13.5,333.5,24.703703703703702,0.7893274933302241,15.0,758.0,50.53333333333333,0.9548185248564183
ellipsoid,mean_curvature,stress,0.1,4,58,3586,26.0,2148.5,82.63461538461539,1.0708997299902137,27.0,2249.0,83.29629629629629,1.072797379704879,17.0,360.5,21.205882352941178,0.7518705887395558,19.5,870.0,44.61538461538461,0.9292208185316204
ellipsoid,mean_curvature,quality_controlled,0.05,4,58,3586,15.0,1633.0,108.86666666666666,1.1277010017470424,16.0,1677.0,104.8125,1.1199829374326296,11.0,348.5,31.681818181818183,0.8363904201219958,12.5,806.5,64.52,1.0007278215139102
ellipsoid,mean_curvature,quality_controlled,0.1,4,58,3586,26.5,2077.5,78.39622641509433,1.056168999878763,28.0,2176.0,77.71428571428571,1.0549944788506822,20.5,385.0,18.78048780487805,0.7201296122507828,22.5,954.5,42.422222222222224,0.9099828691730449
product_sine_graph,gaussian_curvature,baseline,0.0,4,81,4225,25.0,35.0,1.4,0.05235680533347312,73.0,81.0,1.1095890410958904,0.02338230455127127,4.0,5.0,1.25,0.06772410560303707,73.0,81.0,1.1095890410958904,0.027365336804474068
product_sine_graph,gaussian_curvature,stress,0.05,4,81,4225,40.5,638.5,15.765432098765432,0.6819076695744261,67.0,694.0,10.35820895522388,0.5851183638127179,6.0,37.0,6.166666666666667,0.43565283580881425,67.0,150.0,2.2388059701492535,0.2048161394874992
product_sine_graph,gaussian_curvature,stress,0.1,4,81,4225,49.0,1082.5,22.091836734693878,0.773719967692927,66.0,1150.0,17.424242424242426,0.7213643494718565,6.0,53.0,8.833333333333334,0.5353734412372547,61.0,249.0,4.081967213114754,0.3585772822685927
product_sine_graph,gaussian_curvature,quality_controlled,0.05,4,81,4225,41.0,743.5,18.134146341463413,0.7091620302944941,69.0,822.0,11.91304347826087,0.614191837369772,6.0,49.5,8.25,0.5127296839731114,66.0,193.0,2.9242424242424243,0.2737822793829172
product_sine_graph,gaussian_curvature,quality_controlled,0.1,4,81,4225,49.5,1136.0,22.949494949494948,0.7840490736736793,65.0,1242.0,19.107692307692307,0.74333094131681,6.0,67.5,11.25,0.5877063970637723,60.0,332.0,5.533333333333333,0.4324344743202655
product_sine_graph,mean_curvature,baseline,0.0,4,81,4225,16.0,303.0,18.9375,0.7246372028882131,21.0,319.0,15.19047619047619,0.6713191315794744,5.0,17.0,3.4,0.2970946121982175,15.0,181.0,12.066666666666666,0.6120415888317866
product_sine_graph,mean_curvature,stress,0.05,4,81,4225,25.5,1206.0,47.294117647058826,0.9525790196952181,28.0,1236.0,44.142857142857146,0.9352855332911574,10.5,148.0,14.095238095238095,0.663964185718089,19.0,564.0,29.68421052631579,0.8289610268935604
product_sine_graph,mean_curvature,stress,0.1,4,81,4225,30.5,1681.5,55.131147540983605,1.0004748336814087,34.0,1739.0,51.14705882352941,0.9823278606052377,13.5,177.0,13.11111111111111,0.6455724796486473,27.0,701.0,25.962962962962962,0.8061768195650884
product_sine_graph,mean_curvature,quality_controlled,0.05,4,81,4225,28.0,631.0,22.535714285714285,0.7724197265101801,32.0,646.0,20.1875,0.7449041845214042,11.5,129.0,11.217391304347826,0.6052481156346724,21.0,374.0,17.80952380952381,0.713278637912705
product_sine_graph,mean_curvature,quality_controlled,0.1,4,81,4225,32.0,835.0,26.09375,0.8170915401499831,37.0,865.0,23.37837837837838,0.7895759298716964,13.5,158.0,11.703703703703704,0.6197794971907062,24.0,492.0,20.5,0.7614251672754607
helicoid_patch,gaussian_curvature,baseline,0.0,4,81,4225,3.0,13.0,4.333333333333333,0.47435033589736203,5.0,25.0,5.0,0.5544283898530674,1.0,1.0,1.0,0.0,1.0,1.0,1.0,0.0
helicoid_patch,gaussian_curvature,stress,0.05,4,81,4225,25.0,1918.5,76.74,1.0966226717045913,26.0,2073.0,79.73076923076923,1.1042378590873385,16.0,307.5,19.21875,0.7558244621562509,19.0,1346.5,70.86842105263158,1.0744549952770184
helicoid_patch,gaussian_curvature,stress,0.1,4,81,4225,31.5,2416.0,76.6984126984127,1.0941330062843884,32.0,2693.0,84.15625,1.1148222240309855,17.0,366.5,21.558823529411764,0.7828266562642303,18.5,1317.5,71.21621621621621,1.0762429802168465
helicoid_patch,gaussian_curvature,quality_controlled,0.05,4,81,4225,22.5,1785.0,79.33333333333333,1.1008471561512618,25.0,1998.0,79.92,1.1049390389621943,15.5,301.5,19.451612903225808,0.7413198778358344,19.0,1395.0,73.42105263157895,1.0766867628402994
helicoid_patch,gaussian_curvature,quality_controlled,0.1,4,81,4225,29.5,2201.5,74.62711864406779,1.0910334197497211,32.0,2593.0,81.03125,1.110155767519265,17.5,356.5,20.37142857142857,0.7549123146318801,21.0,1425.5,67.88095238095238,1.0548410312840555
helicoid_patch,mean_curvature,baseline,0.0,4,81,4225,9.0,49.0,5.444444444444445,0.4058575771915928,9.0,49.0,5.444444444444445,0.4058575771915928,7.0,4.0,0.5714285714285714,-0.1258307801971193,7.0,5.0,0.7142857142857143,-0.0756564860418174
helicoid_patch,mean_curvature,stress,0.05,4,81,4225,28.5,1861.0,65.29824561403508,1.0577447909003674,29.0,1917.0,66.10344827586206,1.059938926491619,16.5,111.0,6.7272727272727275,0.4755351546299692,21.5,1007.0,46.83720930232558,0.9812009618270721
helicoid_patch,mean_curvature,stress,0.1,4,81,4225,32.5,2399.5,73.83076923076923,1.084015672583188,33.0,2504.0,75.87878787878788,1.091387103100472,19.5,169.5,8.692307692307692,0.5413639715060032,25.0,1261.0,50.44,0.9971692237144121
helicoid_patch,mean_curvature,quality_controlled,0.05,4,81,4225,26.0,1532.5,58.94230769230769,1.0372057506266368,26.0,1585.0,60.96153846153846,1.0461573324270206,15.0,65.0,4.333333333333333,0.3801126047793004,19.0,807.0,42.473684210526315,0.9653662684490052
helicoid_patch,mean_curvature,quality_controlled,0.1,4,81,4225,28.5,1937.5,67.98245614035088,1.066581205609885,29.0,2026.0,69.86206896551724,1.0736689450971242,15.0,86.0,5.733333333333333,0.43347701176930414,20.0,1039.0,51.95,0.9999600632382092
pseudosphere_patch,gaussian_curvature,baseline,0.0,4,72,4160,10.0,100.0,10.0,0.5716683995051358,16.0,110.0,6.875,0.49094533471834356,0.0,0.0,nan,nan,0.0,0.0,nan,nan
pseudosphere_patch,gaussian_curvature,stress,0.05,4,72,4160,31.0,1972.5,63.62903225806452,1.0253398404016076,33.0,2094.0,63.45454545454545,1.023920045195523,13.5,58.5,4.333333333333333,0.36663275185650634,19.0,1213.5,63.86842105263158,1.032511025956988
pseudosphere_patch,gaussian_curvature,stress,0.1,4,72,4160,37.0,2400.5,64.87837837837837,1.0314870022490943,39.0,2563.0,65.71794871794872,1.0329626541387509,12.0,99.0,8.25,0.5124164838730996,17.0,1093.5,64.32352941176471,1.0252326022105036
pseudosphere_patch,gaussian_curvature,quality_controlled,0.05,4,72,4160,31.0,1931.5,62.306451612903224,1.019894736817795,34.0,2062.0,60.64705882352941,1.0125016716121737,13.0,64.5,4.961538461538462,0.390343775006683,15.5,1278.0,82.45161290322581,1.084238887545873
pseudosphere_patch,gaussian_curvature,quality_controlled,0.1,4,72,4160,36.5,2435.0,66.71232876712328,1.0334997325506474,40.0,2594.0,64.85,1.0275150430713784,12.5,96.0,7.68,0.49389145470036455,16.5,1366.5,82.81818181818181,1.0847644291179566
pseudosphere_patch,mean_curvature,baseline,0.0,4,72,4160,16.0,126.0,7.875,0.5135472262472563,20.0,128.0,6.4,0.46544895647367457,0.0,0.0,nan,nan,0.0,0.0,nan,nan
pseudosphere_patch,mean_curvature,stress,0.05,4,72,4160,22.0,1380.0,62.72727272727273,1.00534800414371,25.0,1399.0,55.96,0.9810643118052476,14.5,262.5,18.103448275862068,0.71033989630539,15.5,836.5,53.96774193548387,0.9722890098617427
pseudosphere_patch,mean_curvature,stress,0.1,4,72,4160,36.5,2042.0,55.945205479452056,0.9886322692057627,40.0,2110.0,52.75,0.9755464649224409,24.0,338.5,14.104166666666666,0.6520859204326646,26.5,1123.5,42.39622641509434,0.916088249238048
pseudosphere_patch,mean_curvature,quality_controlled,0.05,4,72,4160,27.5,1231.0,44.763636363636365,0.9405062920549134,31.0,1252.0,40.38709677419355,0.9181849208468035,12.5,245.0,19.6,0.7388252995293864,14.5,826.0,56.96551724137931,1.0021083372330344
pseudosphere_patch,mean_curvature,quality_controlled,0.1,4,72,4160,34.0,1803.5,53.044117647058826,0.9770800271054344,37.0,1865.0,50.4054054054054,0.9662512907458604,22.5,310.5,13.8,0.6526685995460993,25.5,1125.5,44.13725490196079,0.9286068670204296
