surface,curvature,subdivision_level,flip_regime,flip_fraction,pairs,normalized_mean_edge_length,curvature_l2_q25,curvature_l2_median,curvature_l2_q75,ecc_l2_q25,ecc_l2_median,ecc_l2_q75,secc_l2_q25,secc_l2_median,secc_l2_q75,curvature_l2_ratio_q25,curvature_l2_ratio_median,curvature_l2_ratio_q75,ecc_l2_ratio_q25,ecc_l2_ratio_median,ecc_l2_ratio_q75,secc_l2_ratio_q25,secc_l2_ratio_median,secc_l2_ratio_q75
doubly_elliptic_torus,gaussian_curvature,0,stress,0.05,28,0.1892124083421603,24.867306515511675,27.277122829899774,30.532250091719384,0.8892404150007787,1.1105800567269584,1.5952762261879498,0.08765634676388914,0.15298991879432128,0.2502802195995222,0.9116543071857057,1.0,1.1193354329237213,0.8006990667755192,1.0,1.4364351462329172,0.5729550512523234,1.0,1.635926220315192
doubly_elliptic_torus,gaussian_curvature,0,stress,0.1,28,0.19373019982758963,24.19110662443786,28.28502773998953,34.00587053486987,1.2384061381070404,1.5764410504528787,2.025250271319538,0.12851799114336104,0.21090558419054448,0.3485499322744798,0.8552619020499082,1.0,1.2022569271442567,0.7855708513497996,1.0,1.2846977505043566,0.6093626758941117,1.0,1.6526349153447701
doubly_elliptic_torus,gaussian_curvature,0,quality_controlled,0.05,28,0.18487029757691686,15.467669970203126,19.261526409690475,24.214691575122423,0.8235072659349264,0.9708227184465388,1.0995274244176751,0.08454262783290012,0.11999156894994768,0.18736678915843188,0.8030344865306905,1.0,1.2571533044722774,0.848257102236607,1.0,1.1325728204806365,0.7045714009137222,1.0,1.5614996186656127
doubly_elliptic_torus,gaussian_curvature,0,quality_controlled,0.1,28,0.19606568026183374,28.352990838040704,31.163095349394233,33.99549771091045,1.2809626965825047,1.6402873940134863,2.1454578975312635,0.13361167792464762,0.2366036397447076,0.35655251195125803,0.9098258860409335,1.0,1.0908896349916433,0.7809379632237622,1.0,1.30797682489147,0.5647067731874833,1.0,1.5069612299116522
doubly_elliptic_torus,gaussian_curvature,1,stress,0.05,28,0.09602392452819963,20.944355319757346,23.305969440255893,28.209295436553514,2.0072981331330104,3.2096682027437846,4.576196223175362,0.29154734368016505,0.5601994086562072,0.7455508537681859,0.7678359426089919,0.8544145064562708,1.0341741543808256,1.807432180124692,2.8900826944463107,4.120546011479876,1.905663758617452,3.6616753121448213,4.873202493626393
doubly_elliptic_torus,gaussian_curvature,1,stress,0.1,28,0.10006918348619886,39.50735851073663,42.23988564076083,44.422945966519976,2.6211161627419783,2.9927723409918148,3.754271508356244,0.330333944534616,0.41578859113205946,0.5571188703384371,1.3967586977077948,1.493365537027275,1.5705463107506368,1.6626794652353072,1.8984359358899296,2.3814855032338316,1.5662645719051846,1.9714442020483045,2.641555805535728
doubly_elliptic_torus,gaussian_curvature,1,quality_controlled,0.05,28,0.0942632827402678,20.44912974345571,23.784784705754866,27.476829609008345,1.7114658623184207,1.8838586164019877,2.0665966006935372,0.1700175490025109,0.243894579851209,0.35633841671878697,1.061656761177959,1.2348338444137397,1.4265136118799364,1.762902566863105,1.9404764439551256,2.1287064686747343,1.4169124588530937,2.032597639863724,2.9696954530816004
doubly_elliptic_torus,gaussian_curvature,1,quality_controlled,0.1,28,0.09522827461122349,30.23007649417066,32.561344132101794,36.192759726576966,2.006875025478537,2.319229840566103,2.694665616784005,0.2104567336606914,0.25615157302169417,0.37027614286950356,0.9700601354017386,1.0448687387125921,1.1613980999252855,1.22348987915348,1.4139167618007278,1.6428009058770159,0.8894906852987199,1.0826189034880382,1.5649638495376779
doubly_elliptic_torus,gaussian_curvature,2,stress,0.05,28,0.04844741609124561,27.54947831232572,28.85910860049937,29.61013668294253,3.6398130839102043,4.330225521417207,5.820894181913692,0.3980648781170029,0.5660007225219268,0.8161663703015906,1.0099847584411434,1.0579967975532047,1.0855300563623018,3.2773982045358037,3.899066524009997,5.241309842235703,2.601902669496537,3.699594894764633,5.334772230311722
doubly_elliptic_torus,gaussian_curvature,2,stress,0.1,28,0.05013136490968671,33.721024222699455,36.02560121543609,37.90278980318578,4.759415334749195,6.061472372316539,6.889247353257738,0.5510018402216315,0.7178582630799444,0.9004052244408995,1.1921863585456018,1.2736632803263224,1.3400301442730638,3.019088682943085,3.845035861363293,4.3701268444377295,2.612552163264791,3.4036949084827888,4.2692336852846
doubly_elliptic_torus,gaussian_curvature,2,quality_controlled,0.05,28,0.04710791993778454,22.403480176499137,23.970694418729686,25.636628342803174,2.8765452548653134,3.514966200413472,4.20785608399108,0.3010872060523305,0.42404717566339734,0.5614042049495495,1.1631207049732022,1.2444857125482032,1.3309759464289073,2.9629974661781864,3.6206056302822645,4.334319751730035,2.5092363462463236,3.533974756512109,4.6786970939910715
doubly_elliptic_torus,gaussian_curvature,2,quality_controlled,0.1,28,0.04764336087829332,29.26277267243141,31.323612059322002,32.45410187312021,4.34803340539292,5.256865934412431,6.027950766885974,0.4370590793505911,0.5924732001069228,0.714505337035396,0.9390200923349624,1.005150858992924,1.0414274162836354,2.6507753587949425,3.2048444398208975,3.674935739240591,1.8472204393058889,2.5040747502709344,3.0198408520103004
doubly_elliptic_torus,gaussian_curvature,3,stress,0.05,28,0.02425758775260093,26.374641821069556,26.979818926696694,27.801114037184362,9.737226478724477,11.40379233602679,13.021123271597311,1.0377883714527336,1.332740333839039,1.6417484619348592,0.9669143621027008,0.9891006135413523,1.019209914863536,8.767694341118915,10.268320835541951,11.724614711678205,6.783377490695514,8.71129512547011,10.73108917811778
doubly_elliptic_torus,gaussian_curvature,3,stress,0.1,28,0.0251621151854041,38.20068920861339,38.82667682182723,39.48102410198105,9.977100726053777,11.40907638035846,13.03203880695282,0.7726766433836046,1.0697892560789617,1.6851197769647748,1.3505621970667203,1.3726936094509765,1.3958276606588778,6.328876505206182,7.237236290618586,8.266746671693804,3.6636139642728627,5.0723609817388775,7.989924891900153
doubly_elliptic_torus,gaussian_curvature,3,quality_controlled,0.05,28,0.023584270884105717,22.503806254983452,23.48013021903561,24.13780549038184,5.8258044152763,6.7865245149264375,8.798652196878011,0.48006022666593884,0.6593591732365676,0.9290427724058692,1.1683293305177405,1.2190171079703607,1.2531616122717102,6.000894194769624,6.990487950040857,9.063088481239054,4.000782978895686,5.495045852026548,7.742567086470905
doubly_elliptic_torus,gaussian_curvature,3,quality_controlled,0.1,28,0.02379734497337175,26.722201663988187,28.242470017326006,29.504802120787684,7.3019590195436415,8.530078327989607,10.06980964618642,0.6626442396239025,1.000150988932219,1.4127053585692135,0.8574951032426126,0.9062793570624877,0.9467866330345523,4.451633930854683,5.200355961474561,6.139052024015998,2.8006510818636916,4.227115821258581,5.9707676521523725
doubly_elliptic_torus,mean_curvature,0,stress,0.05,28,0.1892124083421603,2.9925596358398736,3.152907113392342,3.3411832649209785,1.1607261537735407,1.267671110145585,1.6165566432913598,0.11563642624861738,0.16629033211526556,0.2721308707920678,0.9491429744722343,1.0,1.0597150961818416,0.9156366698616628,1.0,1.2752177046187534,0.6953887503722285,1.0,1.6364804094770704
doubly_elliptic_torus,mean_curvature,0,stress,0.1,28,0.1937301998275896,3.4267722763759547,3.7746443653431685,4.1423793558298465,1.5102958889887583,1.761630061709841,1.9215660831189276,0.11083461648582696,0.19460247944168968,0.2536492551623278,0.9078397710361286,1.0,1.0974224204703973,0.8573286309174712,1.0,1.0907886535802258,0.56954370162091,1.0,1.3034225251910563
doubly_elliptic_torus,mean_curvature,0,quality_controlled,0.05,28,0.1848702975769168,1.971092878692629,2.1811643991583436,2.4627469552936825,1.0220006831510422,1.1595132365870788,1.4779086888874235,0.10001416115062083,0.13287995229277294,0.15993613177025345,0.9036883599664584,1.0,1.1290973556344466,0.8814049300197795,1.0,1.2745940643485127,0.7526655407751858,1.0,1.2036137055337583
doubly_elliptic_torus,mean_curvature,0,quality_controlled,0.1,28,0.19606568026183374,3.46521910707416,3.699806022179964,3.9412447078790955,1.5722057430788343,1.8989374198853564,2.1603061317944348,0.17017512947475857,0.23103153799253873,0.329128099819154,0.9365948069440725,1.0,1.0652571200359509,0.8279397344088107,1.0,1.1376394551879745,0.7365883071784531,1.0,1.4246024706366422
doubly_elliptic_torus,mean_curvature,1,stress,0.05,28,0.0960239245281996,5.065903405189424,5.441446899567779,5.569654220500351,2.954281876561341,4.096355072482423,4.967266730566623,0.4281053614365449,0.6107344351880116,0.9059223345890524,1.606740453491765,1.7258506844221946,1.766513893429525,2.3304797694900987,3.2314020882056536,3.9184191315964907,2.5744452848876387,3.6726995936521183,5.447835259364956
doubly_elliptic_torus,mean_curvature,1,stress,0.1,28,0.10006918348619886,7.282139046377906,7.6743426273043305,8.016932654466672,2.744604429811578,3.4563448277767117,3.996688306937304,0.27826811384086775,0.36530176822136584,0.7164737453163976,1.9292252041645932,2.0331299811357524,2.123890856599366,1.557991368033116,1.9620151261621737,2.268744382721371,1.429930978470639,1.8771691361251344,3.6817297876776562
doubly_elliptic_torus,mean_curvature,1,quality_controlled,0.05,28,0.09426328274026777,2.8411468247405853,3.1415234716639064,3.503068403512744,2.2425431991379785,2.6417843886830275,3.1144572797717376,0.2584113015178739,0.45974176944822964,0.5562855290399001,1.3025826140555532,1.440296509917428,1.6060542730591467,1.9340384640529842,2.2783563872533947,2.6860040761059856,1.9446974284617375,3.4598279237434224,4.18637664629983
doubly_elliptic_torus,mean_curvature,1,quality_controlled,0.1,28,0.09522827461122349,3.672547887563831,4.050126005041129,4.328207799198384,2.35552080916462,2.5602534583041168,2.7939078084934645,0.1991189266325846,0.2658659017261656,0.4135470476846354,0.9926325503410928,1.094686040500781,1.1698472225979457,1.240441514553349,1.348255835865663,1.4713006227778374,0.861869026033213,1.1507775260308912,1.7900025740121728
doubly_elliptic_torus,mean_curvature,2,stress,0.05,28,0.0484474160912456,8.098799028378483,8.290375320163456,8.571373117230456,6.68275020621387,9.144048189627386,11.37715160512736,0.8894212539059949,1.6880153457415923,2.2895554534851943,2.568676696493178,2.62943849025844,2.718561888747862,5.2716750841205124,7.213265425428242,8.974844905805856,5.348604711965366,10.15101313629905,13.76842191822775
doubly_elliptic_torus,mean_curvature,2,stress,0.1,28,0.0501313649096867,11.057407818846164,11.306281799340752,11.43999110832856,9.341037298727048,11.359980534671692,12.78394529462759,0.9472433002521656,1.35239228474907,2.07870512628861,2.929390625609544,2.995323719275167,3.030746740902173,5.302496535317195,6.44856192090959,7.25688416228517,4.867580839513383,6.9495120957813805,10.681801857059428
doubly_elliptic_torus,mean_curvature,2,quality_controlled,0.05,28,0.047107919937784536,3.413871884989529,3.5658777261373658,3.7077186614282107,3.425881611059022,4.021457188906286,4.501739710337535,0.3885607641766631,0.47885842407469226,0.6773127175875869,1.565160281502328,1.6348505080650262,1.6998804229790867,2.9545860305508813,3.468228789472967,3.8824392583805203,2.924148883802663,3.6036920228540477,5.097177609571015
doubly_elliptic_torus,mean_curvature,2,quality_controlled,0.1,28,0.04764336087829331,4.30457253924287,4.586419444693427,4.762110122578439,4.885429328174872,5.648808233334444,7.611323728489363,0.6022172022477214,0.8419991574601404,1.5439440342400044,1.1634589795890358,1.2396378126848557,1.2871242692265674,2.5727173929037734,2.9747205854079577,4.0082014545528715,2.6066449952264534,3.6445204181921396,6.682828014112371
doubly_elliptic_torus,mean_curvature,3,stress,0.05,28,0.024257587752600923,7.851016041675573,8.067244012072287,8.28672391367339,13.894220682152675,18.43397025428022,20.308596255462678,1.3723827897030239,3.268645531790123,3.9820853253996633,2.4900879598791423,2.55866846752501,2.628280382404721,10.960430170690724,14.541603186147531,16.020398424265068,8.25293191880659,19.656257163070872,23.94658351298166
doubly_elliptic_torus,mean_curvature,3,stress,0.1,28,0.025162115185404097,10.962150332829966,11.107663665355197,11.202882457142763,19.410559232159674,23.382378641598173,29.618972184763827,2.1967121264775433,3.4388845551648535,4.45882749723214,2.9041544770359713,2.9427046869209765,2.967930584402026,11.01852179640926,13.273149198477686,16.813389387789854,11.288202148193914,17.671329599863984,22.912490683697456
doubly_elliptic_torus,mean_curvature,3,quality_controlled,0.05,28,0.02358427088410571,3.4728215892740026,3.6372258885201942,3.714047802023764,6.866145994251138,8.830770523361744,11.396560180679844,0.9108435215569783,1.2227049294271168,2.206604698729414,1.5921869945310299,1.6675615510338002,1.7027821485885803,5.921576207668841,7.6159290335954335,9.828745219178847,6.854634622009247,9.201575620174399,16.60600158756549
doubly_elliptic_torus,mean_curvature,3,quality_controlled,0.1,28,0.023797344973371746,4.190928329560204,4.375349317818145,4.50755030559613,8.581618995153244,10.278271426080462,11.05028466361598,0.992848917464966,1.23878415691066,1.8315195173241063,1.13274271797927,1.1825888415739547,1.2183207115653687,4.5191689337878955,5.412643575532356,5.81919369637948,4.29746053760431,5.361969918369617,7.927573582543766
ellipsoid,gaussian_curvature,0,stress,0.05,28,0.17707091052795718,14.411913370733732,15.788086001473246,17.64864527130093,1.4191323595767442,1.7885751084833452,2.275977683682306,0.12709888465566674,0.15812575102423876,0.18716651372097878,0.9128347393970936,1.0,1.117845777483988,0.7934429775108093,1.0,1.2725088663524244,0.8037835952234246,1.0,1.1836561250057773
ellipsoid,gaussian_curvature,0,stress,0.1,28,0.18049216251258496,18.852812210817678,20.239237756249565,22.265368763545627,1.2805202320562121,1.8590466983422367,2.7070757916609445,0.11945726199972195,0.17525706424353849,0.19445217427734493,0.9314981343601352,1.0,1.1001090570552947,0.6888047692390339,1.0,1.4561634164837918,0.6816116800503018,1.0,1.109525456886193
ellipsoid,gaussian_curvature,0,quality_controlled,0.05,28,0.17462674559390304,10.146997536666483,12.14019192031456,14.56805474674496,0.9815070500786031,1.3028195724336757,1.9860870030307398,0.07906388914090473,0.1283237741106153,0.1569768718194873,0.8358185441605084,1.0,1.1999855391386178,0.7533714344229119,1.0,1.5244528444723284,0.6161281468603903,1.0,1.2232875233561398
ellipsoid,gaussian_curvature,0,quality_controlled,0.1,28,0.18190882033269543,18.459846442763645,20.419669271400203,22.586435234551757,1.5561933913298616,2.146884096879818,2.407754462808023,0.19387018343400855,0.264895578445977,0.4061510606490022,0.9040227927990251,1.0,1.1061117070189932,0.7248613903244991,1.0,1.1215111548440562,0.7318739881252739,1.0,1.533249679106414
ellipsoid,gaussian_curvature,1,stress,0.05,28,0.09105726260181715,19.17459824969646,21.27689121532,23.050535730457568,2.405747557118025,3.1248852512102694,3.4572107985644713,0.2540974702457885,0.35382489553727725,0.48673419256562045,1.214497960544882,1.347654884406797,1.4599955769373587,1.3450637581320375,1.7471367215101594,1.932941357713558,1.606932891068694,2.237617170166295,3.0781462817590666
ellipsoid,gaussian_curvature,1,stress,0.1,28,0.09347007986517289,28.324151622726017,29.966826567395234,31.586736624607017,2.702340166184168,2.952028376289507,3.4581823699208405,0.29676623986152567,0.3461188583435644,0.49688980967884855,1.3994673101747597,1.4806301960725738,1.5606682922064847,1.453616075698324,1.5879258863813976,1.8601912329607413,1.6933197023609683,1.9749210101031653,2.8352055982654534
ellipsoid,gaussian_curvature,1,quality_controlled,0.05,28,0.08975080799605156,11.470649487442682,13.403505136544684,16.42093809448505,2.1360059405394938,2.3732985286757087,2.8640036714089065,0.21866608800571158,0.30215282423185813,0.5697127256722232,0.9448491064007388,1.1040603990877758,1.3526094317345496,1.639525522747114,1.821663244007281,2.198311824605865,1.7040185228437956,2.3546129805331466,4.4396506385568895
ellipsoid,gaussian_curvature,1,quality_controlled,0.1,28,0.0915463462833083,14.024595398833608,16.40139526973745,18.426880837109213,3.2698783552401967,3.8559503375618305,5.007775175552875,0.29264364114482205,0.3650500385958537,0.4335103123669324,0.686817950498173,0.803215519886468,0.9024083883140022,1.5230809897900341,1.7960682382276203,2.3325782620640507,1.1047509470019485,1.378090343136106,1.6365328364865206
ellipsoid,gaussian_curvature,2,stress,0.05,28,0.04562478101064088,24.41091889404374,25.96645452361668,28.25221786172846,4.845170949136979,5.966020837756328,7.781440678548353,0.4369770621845494,0.6519795164403241,0.8996302232571948,1.5461607500596248,1.6446866657043577,1.78946440113717,2.7089558197226227,3.335627790781078,4.350636795536514,2.763478177046357,4.12317103455454,5.689334073861836
ellipsoid,gaussian_curvature,2,stress,0.1,28,0.047208412244874674,29.954676685983905,32.290155577826326,35.44917724841904,5.5198898449898515,7.876111319343664,13.405931784892728,0.6093708589288598,0.7627158548337369,1.0158475165632082,1.4800298828810567,1.5954235019476275,1.7515075258935027,2.9692045121362955,4.236639846845703,7.211186140104585,3.477011677441279,4.351983517045918,5.796328501495261
ellipsoid,gaussian_curvature,2,quality_controlled,0.05,28,0.04496893598595143,9.823173268832775,10.863225066776558,12.152902813017533,5.042255719595729,5.4075894851439426,6.0903006693262975,0.5941373933808904,0.7754546989633887,0.9254208966797833,0.809144808690821,0.8948149368708731,1.0010470092059833,3.8702640229581147,4.1506817978198844,4.6747076864600485,4.62998690226133,6.042954272019349,7.211609096550332
ellipsoid,gaussian_curvature,2,quality_controlled,0.1,28,0.045923359885437644,12.069757736078213,12.783057427951213,14.40899126053889,4.8900835737271,5.68968523107766,6.790845778461078,0.6179722889026882,0.9234432925844265,1.3525488897263,0.59108487878318,0.6260168692279051,0.7056427344158864,2.277758534256284,2.6502060541352863,3.1631170906387442,2.332890161957603,3.4860653318634163,5.105970049259014
ellipsoid,gaussian_curvature,3,stress,0.05,28,0.022867335083143998,26.379385483116558,28.122366192044584,29.89450549112456,12.361588387776788,17.17482020568774,23.250354471184302,1.5573335789595555,1.94694744598995,3.1117962000516215,1.6708412584435501,1.7812397392198382,1.8934850930210914,6.911416987268162,9.602515501991663,12.99937271904665,9.848703129453185,12.312652641197616,19.67925008985172
ellipsoid,gaussian_curvature,3,stress,0.1,28,0.02367682895740613,38.194434497184034,39.14022515657787,40.06639499497792,12.079327523962904,16.345902490488736,20.53910877604967,1.2320548792090495,1.605054066992528,2.9803964987111957,1.8871478737083456,1.9338784211125724,1.9796395238553899,6.497592306171962,8.792626083607706,11.048194106347603,7.029986976713117,9.158284568558864,17.00585657745365
ellipsoid,gaussian_curvature,3,quality_controlled,0.05,28,0.022533780284765624,7.576132194626985,7.983914615018261,8.39495783651003,8.863492102039107,10.675416516689289,12.197473238331881,0.8359514923674137,1.0912788774684072,1.259603743425099,0.6240537418481505,0.6576431960402972,0.6915012457473994,6.8033151248119825,8.194086689032112,9.362365669366572,6.514392973252347,8.504105221591466,9.81582526040201
ellipsoid,gaussian_curvature,3,quality_controlled,0.1,28,0.02301619238521986,9.826718055726724,10.267778651320963,10.510515444792407,11.478690271428555,14.263760952910014,17.047397760732352,1.190624139997791,1.5705805680843028,2.3889686616343404,0.48123786556572834,0.5028376569106346,0.5147250577419213,5.346674414380893,6.643936192755028,7.940530085209654,4.494692387780296,5.929055431193647,9.01852977557928
ellipsoid,mean_curvature,0,stress,0.05,28,0.17707091052795718,1.7270996045892428,1.9660624298943445,2.2958518995336292,1.572485379470139,1.8084523294817427,2.4546250289392324,0.1656108619827244,0.2736043724836703,0.38567957493775934,0.8784561356386107,1.0,1.1677410974467415,0.8695199502000553,1.0,1.3573070127000066,0.6052931847520406,1.0,1.4096250415763296
ellipsoid,mean_curvature,0,stress,0.1,28,0.18049216251258496,2.1214689509091396,2.265542498768114,2.6925857583899147,1.2574206695341934,1.7919609214424617,4.085764126754297,0.1405795170088171,0.21813443713940156,0.33541779616854395,0.9364066010956253,1.0,1.188494923336907,0.7017009436355435,1.0,2.2800520244969458,0.6444627398239645,1.0,1.5376654899940947
ellipsoid,mean_curvature,0,quality_controlled,0.05,28,0.17462674559390304,1.3004309207668618,1.4925068962456223,1.749308741035056,1.2580729699305673,1.4906029740414848,2.067845632495961,0.15938781447108352,0.19105266985622132,0.28257520627499494,0.8713064737175255,1.0,1.1720607425234784,0.844002723622336,1.0,1.3872544658148596,0.8342611207214873,1.0,1.4790434830753731
ellipsoid,mean_curvature,0,quality_controlled,0.1,28,0.18190882033269543,1.785321020678245,2.114528969174697,2.4474365953737793,1.9243284935023113,2.355141078465426,3.5359688233947177,0.1403522539980534,0.22368480624197806,0.2667546625352363,0.8443114503061445,1.0,1.1574381959538802,0.8170756780125352,1.0,1.5013830193555544,0.6274554644816731,1.0,1.1925470800491744
ellipsoid,mean_curvature,1,stress,0.05,28,0.09105726260181715,4.401927315393892,4.516391802101855,4.719947101905833,2.5027483680177816,2.96207346567617,3.446196121140302,0.2721509028335777,0.38212803854127564,0.4624090313248215,2.238956021162792,2.297176190048331,2.4007106947053973,1.3839172463755274,1.6379051951704062,1.9056051768463786,0.9946876958255505,1.3966444873394062,1.6900644793329087
ellipsoid,mean_curvature,1,stress,0.1,28,0.09347007986517289,5.086077978389895,5.526813857416615,5.643976375792365,3.0925245846882343,3.306697796911962,4.035549675135609,0.2885435229526351,0.45124317800313507,0.5759276105138766,2.2449713396042865,2.439510121934068,2.491225116660257,1.725776799975564,1.845295707816102,2.2520299560367323,1.3227784055400555,2.068647133028163,2.640241577930324
ellipsoid,mean_curvature,1,quality_controlled,0.05,28,0.08975080799605156,2.702727645911734,2.9915658067142714,3.230834481694606,2.6444215172809162,3.236854067310206,3.7131649845243246,0.3236372031702328,0.437675381574677,0.6085336119494882,1.8108644273004053,2.0043899389942577,2.1647032183380324,1.7740616135435938,2.1715065135916745,2.4910489574945553,1.6939684926349858,2.2908624197926897,3.1851615180643456
ellipsoid,mean_curvature,1,quality_controlled,0.1,28,0.0915463462833083,3.2578322210047403,3.7756208674028784,4.251079907648792,3.8255761337224263,5.4270329915497015,6.992541176269316,0.4306343430284726,0.6081398642653977,0.7607787866697373,1.5406893301046976,1.785561192323843,2.01041459805963,1.6243511561588122,2.3043345645713393,2.9690540580378095,1.9251837005085646,2.718735682062926,3.4011196354871815
ellipsoid,mean_curvature,2,stress,0.05,28,0.04562478101064088,5.779818981509413,6.011177071388314,6.3713495481638,5.984075242401357,8.190829392809027,10.322809675878737,0.7031549802757011,1.2106697926663712,1.9483180231957338,2.939794227093805,3.0574700884301786,3.2406649205468994,3.308948289566606,4.52919286800129,5.708090563181722,2.56996982136193,4.424891976968052,7.120931604673154
ellipsoid,mean_curvature,2,stress,0.1,28,0.047208412244874674,7.892369091113407,8.175024887535162,8.509965469775086,6.913418155385576,9.722343032886851,14.960556773141173,0.6091922638701379,0.8426607479868344,1.464113138345613,3.483655281419295,3.60841824506948,3.7562594718052607,3.858018371193347,5.4255329547369415,8.348707047193017,2.7927376890097637,3.863034003422034,6.7119761443717065
ellipsoid,mean_curvature,2,quality_controlled,0.05,28,0.04496893598595143,2.574777997223838,2.7792004380532993,3.0655330358195,6.43084889732066,7.640222502841782,9.294587548680983,0.5552621546218789,1.0130235227305455,1.60393758871462,1.7251364155841769,1.862102242237094,2.053948992484256,4.314260074152839,5.125591881872327,6.2354548531997676,2.9063302545823997,5.302325916161794,8.395263933875826
ellipsoid,mean_curvature,2,quality_controlled,0.1,28,0.045923359885437644,3.2336096057220503,3.4344038777611616,3.609276705627989,6.120635051554632,7.5084748412004885,9.711823013000645,0.6722065144477288,1.4612426545839732,2.0191097816244103,1.5292340057105633,1.624193344157216,1.706893950493709,2.5988400896742645,3.1881210471233836,4.123669321469575,3.005150531862894,6.532596822884913,9.026584395902933
ellipsoid,mean_curvature,3,stress,0.05,28,0.022867335083143998,7.022376074109503,7.219701212596398,7.519302151500792,13.654126429201083,19.941501920695984,26.53728105456363,2.1321003312681754,3.8304052224684364,5.122091277058344,3.5717970941985207,3.6721627466246747,3.824549026098259,7.550172159148931,11.02683305255313,14.674028517062736,7.792639832155558,13.99979535304045,18.72079466626232
ellipsoid,mean_curvature,3,stress,0.1,28,0.02367682895740613,9.92946189474537,10.072184204460267,10.24713986219826,14.649157242891631,18.80359248432804,22.806999580016598,1.5536078081352669,2.1466876503484165,3.4185842994488636,4.382818640632212,4.44581560925783,4.523040228894462,8.17493119833194,10.493304993053,12.727397850650569,7.12224914373522,9.84112219280878,15.671914734234164
ellipsoid,mean_curvature,3,quality_controlled,0.05,28,0.022533780284765624,2.243214915657343,2.3041752047289137,2.4022077228354455,12.501788985988732,16.782527946274847,19.819832985412212,1.5325606254143314,1.89899418899277,3.16506064969056,1.5029846235887518,1.5438288496522397,1.6095119753738902,8.387068323158193,11.25888532261024,13.296520489070625,8.02166557822864,9.939637014347289,16.56642983357657
ellipsoid,mean_curvature,3,quality_controlled,0.1,28,0.02301619238521986,2.900115848129341,3.024500004244576,3.1031084858382725,15.354204431127648,20.25542661330709,27.163189616879443,1.3579233943165692,2.173645997778345,3.2761233329318555,1.3715186173407024,1.4303421936210416,1.4675176037192903,6.519441476997299,8.600515187185822,11.533572177586306,6.070700183577032,9.717450345853777,14.646159423934257
product_sine_graph,gaussian_curvature,0,stress,0.05,28,0.1622259174256004,46.86359937539749,58.44153675664057,89.0061139203784,0.07745966692414837,0.11832159566199238,0.16423513641370024,0.0005252098785123046,0.000617601793907818,0.001863586635629688,0.8018885535222086,1.0,1.5229940699713862,0.6546536707079771,1.0,1.3880402431595702,0.8504021259217656,1.0,3.0174566427957026
product_sine_graph,gaussian_curvature,0,stress,0.1,28,0.16610255909183952,71.35693932606732,93.89884580322882,98.642287759178,0.15327049282170088,0.1974679434480897,0.24596122869868212,0.001169402119734735,0.002306529959946272,0.003573749172674844,0.7599341473866511,1.0,1.0505165097118379,0.7761791111274351,1.0,1.245575481284841,0.5069962844800745,1.0,1.549405052062749
product_sine_graph,gaussian_curvature,0,quality_controlled,0.05,28,0.16339684519988779,44.24173910333019,54.325459072517724,86.06924490124263,0.10000000000000005,0.13416407864998744,0.17159672626657585,0.0010656611729954627,0.0017300085282675915,0.002478171107611158,0.814383161387978,1.0,1.5843261404629991,0.7453559924999299,1.0,1.2790064821616238,0.6159860807522158,1.0,1.4324617868171825
product_sine_graph,gaussian_curvature,0,quality_controlled,0.1,28,0.16364324572220823,63.26698685342536,70.69858256615191,96.16232275700395,0.13224583558917438,0.18431104890504305,0.23123428665883228,0.0011932557079518266,0.0018156227890878992,0.0030083210200611043,0.8948833846028965,1.0,1.3601732774065998,0.7175144212722014,1.0,1.2545872210730245,0.6572156480538964,1.0,1.6569086035609697
product_sine_graph,gaussian_curvature,1,stress,0.05,28,0.10214509783470922,137.0321060714595,162.503826064519,197.12231594799866,0.39622618806702,0.45054291210818354,0.5509033191761389,0.006591693372976426,0.010929966313971008,0.015278463580236648,2.3447724628132556,2.7806220555289225,3.3729831022213856,3.3487224867970316,3.807782591060072,4.655982841457755,10.673047646555716,17.697432911929646,24.738373060032075
product_sine_graph,gaussian_curvature,1,stress,0.1,28,0.10535445394254685,211.89625392162208,232.13785082399204,248.6984215645844,0.4706208919376741,0.6387180759487802,0.7238745032776666,0.0067199451691695965,0.014247760145642455,0.019652121009202324,2.256643860837912,2.4722119727696343,2.6485780462706456,2.3832774257933704,3.2345405780593754,3.665782357570146,2.913443695015403,6.177140723537074,8.520210597940856
product_sine_graph,gaussian_curvature,1,quality_controlled,0.05,28,0.09923137826305478,162.70384503198898,184.11707376847193,208.22707843610814,0.32402590605485226,0.3779659390734107,0.4555128158695201,0.005531475279162883,0.007212581295466791,0.01057956440143825,2.994983343165119,3.3891489719893313,3.832955707896567,2.4151465080320333,2.817191776492299,3.395192069688638,3.197368792570076,4.1691015839611945,6.115324999023266
product_sine_graph,gaussian_curvature,1,quality_controlled,0.1,28,0.09896270578583369,233.05541927232028,266.8621581768068,283.5664783003056,0.4381051714956622,0.5108056290955545,0.5800857209231697,0.006026681713764187,0.012897772675654593,0.015697090572647315,3.2964652304627577,3.7746465132749547,4.010921690473433,2.37698810840892,2.771432489425641,3.147319297293075,3.3193468103535793,7.103773291000578,8.64556815820369
product_sine_graph,gaussian_curvature,2,stress,0.05,28,0.0544209267942332,250.5437964470642,277.23089417641893,316.56966070409806,0.7819511608277201,0.9164053477108722,1.1027138815399766,0.023916282983008304,0.037218387565746275,0.06879729704026494,4.28708432994099,4.74373039386097,5.416860648657173,6.608693505634498,7.745038786738089,9.319633287317082,38.72443898143534,60.262758192864666,111.3942636159724
product_sine_graph,gaussian_curvature,2,stress,0.1,28,0.05646111009252648,351.8011783761061,383.2745026373379,397.8259158132561,1.0440924354390668,1.1891027481615484,1.343787146020433,0.032269570236225724,0.04622146516836827,0.06708288950978475,3.7465974727030034,4.0817807648084905,4.2367497961255705,5.2874021839070675,6.021750808754127,6.805090094907921,13.990527240746271,20.03939509610573,29.083901217284584
product_sine_graph,gaussian_curvature,2,quality_controlled,0.05,28,0.05243881779333721,338.4100304345626,389.6455985841546,415.82210552348147,1.1356313860808542,1.3263722433840144,1.7687094308619673,0.04549549026459223,0.0688028146910441,0.09451977433078923,6.229308250903639,7.172430849853035,7.654276882748671,8.464496588863657,9.886194998918501,13.18318173284107,26.297841612463515,39.77021706357851,54.635438372919545
product_sine_graph,gaussian_curvature,2,quality_controlled,0.1,28,0.05192764463803672,417.58884455732476,454.9828568302436,477.06035833245284,0.9733664713779753,1.0662845959661236,1.256567444709443,0.03181791635180195,0.04160325553228841,0.07750319312838139,5.906608441075765,6.435530109879091,6.7478065474095255,5.281107547054616,5.785245118514153,6.817645779645179,17.524519158401883,22.914041276816274,42.68683649169004
product_sine_graph,gaussian_curvature,3,stress,0.05,28,0.027851699438921382,368.91168851280486,384.78959162319154,399.5825985892328,1.5205381531114752,1.792829520230538,2.2487487690153296,0.1081929432848517,0.1432774054478364,0.1813084499396357,6.312491234599273,6.584179899743462,6.83730477952959,12.850892895792033,15.152174970257235,19.00539589948819,175.18236564740346,231.98994378118937,293.56852866702883
product_sine_graph,gaussian_curvature,3,stress,0.1,28,0.02878792684196631,497.8590348417489,540.0135464051342,571.3347364658129,2.195758236625265,2.3130063375953993,2.7393195762975573,0.16437520256673327,0.2259679411743985,0.328780511165592,5.302078322507234,5.75101367632109,6.0845767759817,11.11956805891628,11.713325703437233,13.872224161881082,71.26514956283603,97.96878648810709,142.543351647273
product_sine_graph,gaussian_curvature,3,quality_controlled,0.05,28,0.026683882694193285,509.75247954055396,536.4855977730813,578.4191470098598,1.8123154047005865,2.161682572857285,2.538330659389306,0.11202916134770562,0.14181143365383245,0.2341077478920345,9.383307352453256,9.87539924986073,10.647294231563551,13.508201471935172,16.11223059561843,18.919599679221168,64.75642143792794,81.97152287789044,135.32173053878932
product_sine_graph,gaussian_curvature,3,quality_controlled,0.1,28,0.02647640855814771,625.1315727122683,642.3376351150542,675.2787554887136,2.1332835849773444,2.5845600657344296,3.1610832685589094,0.14779302038543365,0.19663690118351307,0.27710541394873833,8.842208005052143,9.085580103590136,9.551517597355824,11.574366255581406,14.022816760518756,17.15080722147861,81.40072997193394,108.30272805856114,152.62278905848373
product_sine_graph,mean_curvature,0,stress,0.05,28,0.1622259174256004,2.943830616799519,3.233772402088507,3.4115366275589527,0.26547228086830676,0.33612510317703415,0.3968493238594632,0.005269765866729849,0.009416684511900501,0.014683483363643788,0.9103394583051884,1.0,1.054971161654926,0.7898020063335908,1.0,1.1806595821272121,0.559620093470275,1.0,1.5593050128298636
product_sine_graph,mean_curvature,0,stress,0.1,28,0.16610255909183952,3.871239309452384,4.1118847281948625,4.340907448897922,0.34054908031865017,0.41205335922053354,0.4944686387332268,0.009337674766531991,0.01425965699525326,0.022614226475216367,0.9414756408193079,1.0,1.0556977483178624,0.8264683995365419,1.0,1.2000111822133794,0.6548316533588645,1.0,1.5858885303302994
product_sine_graph,mean_curvature,0,quality_controlled,0.05,28,0.16339684519988779,2.778871222433879,3.1603219362141397,3.4180871782020166,0.2569046515733026,0.31937438845342636,0.3632872237648329,0.003912689967993911,0.0071851743987624075,0.014997405806815642,0.8793000455399129,1.0,1.0815629695931115,0.8043996665398435,1.0,1.1374964208121223,0.5445504522016672,1.0,2.0872709518921115
product_sine_graph,mean_curvature,0,quality_controlled,0.1,28,0.16364324572220823,3.7183110523248284,4.089062822478344,4.2703739158110565,0.3968245836551856,0.4909079990575789,0.5841813203621218,0.010737760115172718,0.01805402349088711,0.02547867218740371,0.9093308696272838,1.0,1.0443405007954418,0.8083481719935098,1.0,1.1900016326554148,0.5947571808906017,1.0,1.4112462078197827
product_sine_graph,mean_curvature,1,stress,0.05,28,0.10214509783470922,4.299989967355849,4.510400692111094,4.866098505973172,0.7999525226284292,0.9884298674281498,1.1817196922166657,0.03923696350917405,0.05228376579663005,0.062244034215082934,1.3297132366454527,1.3947798828384108,1.504774579321179,2.3799249596871115,2.9406606590390614,3.515713884643315,4.1667492905372,5.552247792793262,6.609973407988867
product_sine_graph,mean_curvature,1,stress,0.1,28,0.10535445394254685,6.049463773133084,6.259163381860674,6.606438403777196,0.9607080084861472,1.150651660891584,1.244778254949673,0.034327918047582354,0.04835358842204114,0.06688387803318183,1.4712143391696753,1.522212755367896,1.6066691652315495,2.331513594024531,2.7924821752897007,3.0209151972559454,2.407345286005785,3.3909362923762494,4.690426849358723
product_sine_graph,mean_curvature,1,quality_controlled,0.05,28,0.09923137826305478,3.4205548816221656,3.584908618788706,3.7518821715360913,0.5089175699261943,0.6016551752781155,0.6898556365912492,0.011442110283954763,0.021435080741419553,0.031181004194447227,1.082343808846186,1.1343491869322635,1.1871835361275258,1.5934827222390395,1.8838554280812456,2.1600217848772467,1.592461038374459,2.9832373651378017,4.339630809771009
product_sine_graph,mean_curvature,1,quality_controlled,0.1,28,0.09896270578583369,4.381949714791517,4.785817587526656,4.954145009963982,0.7781386059581116,0.8559100174882417,1.0655946385176762,0.020672923673315722,0.02914691818696228,0.04061988346264695,1.071626899616978,1.1703947323132629,1.2115600138814495,1.5851006857740022,1.7435242838400997,2.1706605729858803,1.14505908800609,1.6144278421745923,2.249907533528474
product_sine_graph,mean_curvature,2,stress,0.05,28,0.0544209267942332,6.224588020223278,6.48467929240528,6.711617229877216,1.7762238415083955,2.0396019124818334,2.3582531237195328,0.07671375167267627,0.10394013773985578,0.14764943133916916,1.9248689289954901,2.0052986067347227,2.075476067994943,5.284412930541739,6.0679844891191985,7.015998214442976,8.146577659655893,11.037869815910216,15.679555915096719
product_sine_graph,mean_curvature,2,stress,0.1,28,0.05646111009252648,8.80642319771533,9.145102329774547,9.493466674869463,2.726620079411611,3.262505031356261,3.7360883664151836,0.16231860763408337,0.2031622199933129,0.2531440359899495,2.1416999210436023,2.2240658321638533,2.308787162678352,6.6171528963371635,7.91767609303762,9.067001355073545,11.383065363221275,14.247342699823799,17.752463195588494
product_sine_graph,mean_curvature,2,quality_controlled,0.05,28,0.05243881779333721,3.5174610437220797,3.7022174208256953,3.797914525939143,1.2391737629687882,1.544661601568622,1.6659822009701717,0.046074054604897774,0.07110588092301007,0.13157026796000715,1.1130071918988638,1.1714684438955327,1.201749252953893,3.880003556232231,4.836523082043808,5.216392613815112,6.412378050675247,9.896194159915941,18.311353442258707
product_sine_graph,mean_curvature,2,quality_controlled,0.1,28,0.05192764463803672,4.5691499807855775,4.684380730806913,4.862600032694603,1.656686722897878,1.7804344095755225,1.9284529875473413,0.0777730302418137,0.10199182488603936,0.14714241231504788,1.1174076259401309,1.145587860635448,1.1891722489476024,3.374739719210736,3.6268189008806395,3.928338897002067,4.307794895751086,5.649257349062408,8.150117473222464
product_sine_graph,mean_curvature,3,stress,0.05,28,0.027851699438921382,7.907067448083474,8.088732335082355,8.228293824905087,4.579177493966311,5.121077275272388,5.776854069740973,0.23400532800205442,0.3085496832661104,0.41888572851783773,2.4451527395610015,2.501330127580503,2.544487614400725,13.62343202184009,15.235628719391308,17.18661895567602,24.850076235040696,32.76627595160221,44.483355897552215
product_sine_graph,mean_curvature,3,stress,0.1,28,0.02878792684196631,10.92410875355933,11.037722959256444,11.308964156096089,6.047092843691889,7.208277231872218,7.877050523014914,0.2606188863667903,0.4622379237298138,0.6006445007579335,2.65671570962425,2.6843463980329183,2.750311573316108,14.67550915039488,17.493552887198533,19.116578828323703,18.27665886027587,32.41578138125504,42.12194591762449
product_sine_graph,mean_curvature,3,quality_controlled,0.05,28,0.026683882694193285,5.309020792870863,5.454722847380612,5.580021040627182,3.1466284646442793,3.4733252170864555,3.865506903072159,0.1961784580427401,0.26763765230095116,0.326019335254309,1.679898725517415,1.7260022736528595,1.765649561421481,9.852475897901076,10.875403108890689,12.103371600305568,27.303228447249708,37.24859515547037,45.37389312505252
product_sine_graph,mean_curvature,3,quality_controlled,0.1,28,0.02647640855814771,6.671936566681095,6.767881616509767,6.897936603761817,3.7938958023545872,4.485717310029658,4.92985209816463,0.2953390616362457,0.3677919199327433,0.5010993639218652,1.6316542093714506,1.6551180332337898,1.6869236065150595,7.728323452944181,9.137592621511807,10.042313646607344,16.358628412404585,20.371742626699735,27.755550676822725
helicoid_patch,gaussian_curvature,0,stress,0.05,28,0.2165328942889162,17.760217541167147,25.591030288176874,40.77115005846714,1.4861008826196271,1.7397547802215483,2.2351148798029525,0.18795015867629764,0.2488673930991594,0.30356985438730044,0.694001661565475,1.0,1.59318126700446,0.8542013503939793,1.0,1.2847298396377005,0.7552221138162936,1.0,1.2198056587764603
helicoid_patch,gaussian_curvature,0,stress,0.1,28,0.22668387738485554,23.81877381235761,27.985156587173833,31.48967447117449,1.6045074285261778,2.042014909520012,2.724824165150894,0.1574033282921666,0.2226494006434098,0.37084687160729957,0.8511216915353705,1.0,1.1252277389652645,0.7857471662160033,1.0,1.3343801519017215,0.706955993761062,1.0,1.6656091170047185
helicoid_patch,gaussian_curvature,0,quality_controlled,0.05,28,0.21371037005719032,12.202279816329654,14.800787215393019,24.72173107014921,1.5126401990634035,2.0281855503355812,2.336866548336404,0.1897493827892036,0.2531016381337303,0.3490340774879495,0.8244345141074062,1.0,1.6702983909151992,0.7458095729027967,1.0,1.1521956400634787,0.7496963835885823,1.0,1.379027334874584
helicoid_patch,gaussian_curvature,0,quality_controlled,0.1,28,0.22303230772552596,28.04127130890634,31.071720022679763,38.397480724519944,1.7695408981777814,2.6951682144375515,3.7396706660208348,0.17336801904319918,0.30932407945403617,0.40187370357337937,0.9024692321003971,1.0,1.235769397268416,0.6565604657618979,1.0,1.3875462933957383,0.5604737249980588,1.0,1.2991995459347858
helicoid_patch,gaussian_curvature,1,stress,0.05,28,0.11078392325843775,19.617540439590783,21.1160373649275,25.01952263847922,3.16079822911476,4.088330687864856,4.995811929608824,0.28203322128653524,0.46985298687259147,0.6868995966706207,0.7665787668054201,0.8251343196089751,0.9776676576416818,1.8168067506112842,2.349946517947908,2.8715609730772718,1.1332670695600575,1.8879652373156897,2.7601028327440655
helicoid_patch,gaussian_curvature,1,stress,0.1,28,0.1146831492959841,31.858703353585465,37.700874244752534,42.72016131707542,4.085707757921024,4.959152507257654,6.801456274451965,0.3575310248362623,0.5346384578696218,0.7691848163133983,1.138414332410309,1.3471739608572215,1.5265292936275705,2.0008217074582446,2.428558422437441,3.3307574017912964,1.605802772444359,2.4012571169050063,3.4546907114531478
helicoid_patch,gaussian_curvature,1,quality_controlled,0.05,28,0.10679252666843578,7.337837204986149,20.433428556583493,25.62319825340084,2.7158070966945336,2.9229219590893214,3.542228553036333,0.1911477201482684,0.2235078418887098,0.374859693709532,0.49577344084473424,1.380563632137921,1.731205096087887,1.3390328593186058,1.4411511602603115,1.746501227390285,0.7552211892333641,0.8830754456461315,1.4810638780278018
helicoid_patch,gaussian_curvature,1,quality_controlled,0.1,28,0.10694672044548745,10.124136124640373,39.20272919400869,40.83099376164808,3.2105957997144845,3.7962685298241095,4.23235567724559,0.32796255621768533,0.5254076719005714,0.7721920818674386,0.3258312097705115,1.2616851968733616,1.3140886224465482,1.1912413416408951,1.408546045285097,1.5703493587426531,1.0602554990110906,1.698566994292612,2.496385290244376
helicoid_patch,gaussian_curvature,2,stress,0.05,28,0.055648683622403675,10.12280681979191,11.368381158543997,12.36665038061929,5.948364114053547,6.767247530379313,7.88269825380455,0.5702896804551904,0.7576111047593581,1.07181527940041,0.39556073771944517,0.44423303909714884,0.4832415983788162,3.419081919864623,3.8897709075514317,4.5309249001176655,2.29154037961077,3.0442361103428826,4.306772639247895
helicoid_patch,gaussian_curvature,2,stress,0.1,28,0.05792897158618968,16.963493795755692,38.576393790235,46.32004718979646,7.430828249005397,9.095064368606385,11.079434244414752,0.7379339121137906,0.9382581716325542,1.301828726562026,0.6061604030305983,1.3784591009905354,1.655164838742617,3.6389686551074485,4.453965701329886,5.425736214148916,3.3143314555589067,4.21406107054942,5.8469895845217446
helicoid_patch,gaussian_curvature,2,quality_controlled,0.05,28,0.05365674033418297,5.065873106714035,5.657440455962384,36.39987226026123,5.949462106055255,6.864331835835284,8.038697722048292,0.5026906384759499,0.651237980480198,0.8632713495290874,0.3422705179793044,0.38223915887923643,2.4593200166005276,2.93339142716546,3.3844693522737694,3.9634922557841015,1.9861216315413381,2.573029496301031,3.4107695070427164
helicoid_patch,gaussian_curvature,2,quality_controlled,0.1,28,0.05374792868479417,7.661409008180881,35.05866863756765,36.81622319410899,5.931402118461127,6.972609118751028,8.305350474916263,0.4223023049791338,0.6336220305712915,0.9036395074521022,0.2465717701687802,1.1283143840114982,1.1848788276682534,2.2007539591360676,2.5870775268868056,3.081570356323562,1.3652422589424873,2.048408360867503,2.921335801102345
helicoid_patch,gaussian_curvature,3,stress,0.05,28,0.027959061261988386,6.499768701084013,62.26587623905713,67.53088462677447,11.01990038415028,13.829576595205268,16.045062449074244,0.9606687669639101,1.474437806271271,1.8805994452983619,0.2539862064126009,2.4331133032898693,2.6388497792515184,6.334168762994837,7.9491528072962945,9.222600007474037,3.86016325803332,5.924592160949715,7.556632557922326
helicoid_patch,gaussian_curvature,3,stress,0.1,28,0.029068570208504674,30.091851972282996,34.1043342280105,74.949234203927,12.80012572000604,14.739495581912026,16.570287737415864,1.2807758382420142,2.4121139141624406,3.0165780668384867,1.0752790279570814,1.2186579739790062,2.678178125266512,6.268380147633097,7.218113596132671,8.114675196622736,5.752433352799703,10.833686985870791,13.54855687067296
helicoid_patch,gaussian_curvature,3,quality_controlled,0.05,28,0.026880111400678364,4.13297460707444,29.191213310299197,51.49839553019487,11.158151440545122,12.956330979010577,15.659905321492918,1.3050088803607325,1.66208921118661,2.0052205429506236,0.2792401881689165,1.9722743719969125,3.479436247596063,5.5015437018072175,6.3881388844658895,7.721140365536007,5.15606651139575,6.566884447853389,7.92259014100546
helicoid_patch,gaussian_curvature,3,quality_controlled,0.1,28,0.026925899637608955,6.045383852756246,29.492225279786478,87.82635329928586,14.030963412709397,16.433915298445932,19.170934173539365,1.0997008367460877,1.5485000075836672,1.771585485011782,0.19456225301797328,0.949166163259054,2.8265687652688665,5.205969459549109,6.0975471625156015,7.113075195397443,3.555173715176277,5.006076508226595,5.727279583725488
helicoid_patch,mean_curvature,0,stress,0.05,28,0.2165328942889162,1.255384679205298,1.6014490291116894,2.0587418788076506,1.3298447771018318,1.8012483631460254,2.0747812330256594,0.1734594867250815,0.3139021804765958,0.43313177625904603,0.7839054858346941,1.0,1.2855494251662931,0.7382906234980005,1.0,1.151857387063429,0.5525908945956317,1.0,1.3798304159640582
helicoid_patch,mean_curvature,0,stress,0.1,28,0.22668387738485554,2.5995010164344827,2.8783472549690616,3.015312783862356,1.534506314443348,1.8686884416558445,2.0908733137127116,0.13709573555563145,0.18431520721919686,0.3518005576532707,0.9031227944949345,1.0,1.0475847827800633,0.8211675527267789,1.0,1.1188988314499282,0.7438113090288331,1.0,1.9086898089471904
helicoid_patch,mean_curvature,0,quality_controlled,0.05,28,0.21371037005719032,0.8492662710781256,0.9315784772836211,1.0898824091655617,0.7340019639268383,0.8235875527190345,0.9435283492144163,0.06304979830436927,0.0980274380534231,0.1285796215341427,0.9116422199388841,1.0,1.169930860085494,0.8912251787967973,1.0,1.145632114156416,0.6431852097369751,1.0,1.3116697129641322
helicoid_patch,mean_curvature,0,quality_controlled,0.1,28,0.22303230772552596,1.2642504077917625,1.346853240816983,1.444785861484683,0.8769242205746806,0.9908436564008386,1.1833022727664624,0.07819377294045785,0.12548156796220206,0.1560443388517473,0.9386697596130705,1.0,1.0727121691508832,0.8850278395685941,1.0,1.1942371181592004,0.6231494729489802,1.0,1.2435638268303393
helicoid_patch,mean_curvature,1,stress,0.05,28,0.11078392325843775,4.436390862289772,4.713673388706457,4.99427765144884,2.472837040376805,3.450301133487333,4.824129402796125,0.42267011444237534,0.8337887084151744,1.3651837508324864,2.7702354440531907,2.9433802156794795,3.1185991940181355,1.3728462387373366,1.9155054927911794,2.6782144547631366,1.3465026391363,2.6562055324026037,4.349073806240327
helicoid_patch,mean_curvature,1,stress,0.1,28,0.1146831492959841,5.363443469965649,5.588971674755754,5.740584909958004,3.3206781115396344,3.965149349149562,4.968147758603816,0.3865291529920976,0.5501306913948562,0.8471827778598616,1.863376095676579,1.941729464750016,1.9944031770481105,1.7770100341591357,2.1218889466860746,2.658628184268931,2.0971093965807053,2.984727628798492,4.596380247953982
helicoid_patch,mean_curvature,1,quality_controlled,0.05,28,0.10679252666843578,0.4972977211912081,0.5463379586962486,0.5798515218624394,1.0962741677826586,1.5344544818373103,1.7824365832637055,0.06243399180859543,0.10454685122619406,0.14260955384702403,0.5338226819508247,0.5864647713731098,0.6224398008348386,1.3310960858543361,1.863134619715151,2.164234485306483,0.63690322881406,1.0665060038518808,1.454792216127331
helicoid_patch,mean_curvature,1,quality_controlled,0.1,28,0.10694672044548745,0.76281045434254,0.849671171682466,0.91518459740272,1.0510366312334904,1.1857486336448337,1.3902333496382333,0.07796062561033448,0.13953830343704154,0.17988352081231998,0.5663649395681963,0.6308565372475674,0.6794983816110367,1.0607492155233633,1.1967060857531975,1.403080436209428,0.6212914524132981,1.112022312942995,1.4335453703168983
helicoid_patch,mean_curvature,2,stress,0.05,28,0.055648683622403675,9.005360356304724,9.725683841962756,10.084342777474545,5.558069664928622,8.174391708657474,10.97693448855577,1.1468974712724314,1.973244156704828,2.5533494200887645,5.623257557750635,6.073052382664662,6.297011390408252,3.085676455644909,4.538181339068778,6.094070486417358,3.653677937283213,6.286175373834177,8.134220081593666
helicoid_patch,mean_curvature,2,stress,0.1,28,0.05792897158618968,12.725526850084309,13.102150357573464,13.415230717218703,6.575539426991028,9.944947611896914,18.9545393764783,1.0842934690597796,1.6808561444205048,2.778400329844475,4.421122860737348,4.551970001171487,4.6607408797042105,3.518799217896614,5.321886404501276,10.143231452581087,5.882821528504068,9.119465342984677,15.07417847806916
helicoid_patch,mean_curvature,2,quality_controlled,0.05,28,0.05365674033418297,0.41398871309280805,0.4541795732299193,0.47935394786498403,1.6607514206269876,2.782050968657984,4.5072558781020335,0.13464118422260263,0.33237039308880756,0.4044458386416149,0.44439488801840177,0.4875376410093289,0.5145609946493468,2.016484361795048,3.37796626414906,5.472710051556202,1.3735050807838693,3.390585326810969,4.125843199341796
helicoid_patch,mean_curvature,2,quality_controlled,0.1,28,0.05374792868479417,0.5588275149201276,0.5822475855553533,0.6118449753791346,2.558244589354373,3.354246251227196,4.423220495888412,0.19500420391846962,0.3019321994474642,0.4212930039217658,0.4149134426711186,0.4323021751071926,0.4542773903175952,2.581885217539763,3.3852426965231137,4.464095286188147,1.5540465989172958,2.4061876525037778,3.3574094647005763
helicoid_patch,mean_curvature,3,stress,0.05,28,0.027959061261988386,4.1784379196907375,4.232960222663442,4.284632221173537,13.401604241324353,18.523848801625494,22.851723684595644,2.4004668524276,3.819280200866367,5.4912081887785975,2.6091607311463934,2.643206337332778,2.6754721151195096,7.440175666789988,10.28389487015111,12.686603442449917,7.647181197604252,12.167103124507058,17.493373828883026
helicoid_patch,mean_curvature,3,stress,0.1,28,0.029068570208504674,5.707360077925323,5.8328545654917905,5.928944308892757,14.217186467094832,21.37366620061027,36.19194252342639,2.1350124578960012,3.478033721579113,5.17742510781266,1.9828601528437433,2.026459648126955,2.0598433002332395,7.608109597176609,11.43779012282597,19.367563750411342,11.583485107427613,18.87003125815257,28.090059338703433
helicoid_patch,mean_curvature,3,quality_controlled,0.05,28,0.026880111400678364,0.3162965584865445,0.32931664853637427,0.3349875690304473,4.3157983718241955,5.043091300677041,6.8573102051758505,0.2818199013003104,0.34733134385878234,0.5019303063056275,0.33952755049561684,0.35350392539834635,0.35959135724907865,5.240242348947353,6.123321417410351,8.32614599690922,2.8749083613378117,3.5432053591923247,5.1203042359638635
helicoid_patch,mean_curvature,3,quality_controlled,0.1,28,0.026925899637608955,0.4586399869665049,0.4651197630796191,0.476252767760827,4.080254026327884,5.344051851527211,6.058841085717526,0.3556738283787406,0.488445593153099,0.5864081189503411,0.340527069369711,0.3453381177577178,0.3536040552361432,4.117959478238055,5.393436004766945,6.114830575517622,2.834470704780146,3.8925684551553426,4.673261009353825
pseudosphere_patch,gaussian_curvature,0,stress,0.05,28,0.17625242990850956,15.47441759497258,19.2668356172086,28.498644625691,1.316841836060104,1.690047091316929,2.263917324196176,0.16898215501710764,0.3967964430522245,0.5429962487377081,0.8031634204192443,1.0,1.4791554353760514,0.7791746412426805,1.0,1.3395587234389263,0.42586610332811625,1.0,1.3684503937608168
pseudosphere_patch,gaussian_curvature,0,stress,0.1,28,0.18366491612830071,34.37633087762926,37.93447974255299,40.523276643656715,1.5822347586693863,2.4126043582459555,3.0483843661565526,0.20518273683932003,0.4038947462907586,0.6777926826068679,0.9062027767595194,1.0,1.0682439015553373,0.655820235614481,1.0,1.2635243552211894,0.5080104129198344,1.0,1.6781418645117352
pseudosphere_patch,gaussian_curvature,0,quality_controlled,0.05,28,0.1756397889940548,12.260754195101127,14.95071965366541,28.61376917373711,1.426595653896269,2.415264650637077,3.586362767731589,0.23027331083124303,0.5258114899957244,0.8454491445162597,0.8200778610744136,1.0,1.9138723644464823,0.5906581100832881,1.0,1.4848736211104692,0.4379389100704427,1.0,1.6078940087884623
pseudosphere_patch,gaussian_curvature,0,quality_controlled,0.1,28,0.1845308785557576,36.06886265530102,40.11698800720583,44.13291113275997,1.0573437088844524,1.704405538431374,2.845977465472283,0.13708773063630358,0.25526259805167545,0.47498631008650605,0.8990919918719299,1.0,1.1001053001494727,0.6203592308539222,1.0,1.6697771752675357,0.5370458958055089,1.0,1.8607751927305451
pseudosphere_patch,gaussian_curvature,1,stress,0.05,28,0.08989406745588609,35.58416510516062,40.37554169722011,43.006619010499975,3.486808595066705,4.381052111794862,5.547353728153958,0.38846476524732854,1.0073206339421001,1.3076600562515568,1.846912789009205,2.095597974643942,2.2321578833676075,2.063142863285361,2.5922662950066266,3.2823663652066135,0.9790026398906015,2.5386332251207233,3.2955437961913603
pseudosphere_patch,gaussian_curvature,1,stress,0.1,28,0.0926523132157158,48.93399670177242,53.67493455573833,58.61577731263795,3.4124134513516777,5.744450734988591,7.867256943568923,0.36717467691697947,0.8701636473995261,1.246140401345891,1.289960928260227,1.4149379382559053,1.5451846897714463,1.4144107133390975,2.381016479289211,3.2608980899332716,0.9090850531951589,2.15443170625722,3.085309756539419
pseudosphere_patch,gaussian_curvature,1,quality_controlled,0.05,28,0.08808849532521756,26.611236998042575,33.74410971262016,46.94155111927884,1.5795278534120634,2.731457853815129,3.7914850254027623,0.294645622656167,0.7354081151062286,1.0984938512486289,1.7799301715565512,2.257022437334463,3.139751945503865,0.6539771337254613,1.130914516177202,1.5698010668945441,0.5603636060873507,1.3986155287557687,2.089140066637877
pseudosphere_patch,gaussian_curvature,1,quality_controlled,0.1,28,0.09106994307981063,50.55513467857133,54.78569798145429,59.548379288374534,2.1521120986745372,2.773963011551984,3.8546237600571702,0.3091557611966514,0.4677539871912904,0.7385831729261517,1.2601926812025517,1.3656483375973705,1.4843681504124493,1.2626760768773397,1.6275252274203251,2.2615649111330156,1.211128318666042,1.8324423192488157,2.893424961445518
pseudosphere_patch,gaussian_curvature,2,stress,0.05,28,0.04487028694792407,45.48877674945863,49.61642650637569,53.961334927198756,4.473377019516567,5.389051147901755,10.62544927422737,0.6543711197352311,1.2573833601909454,2.9551159770219058,2.360988470199503,2.5752244682079337,2.8007367685745965,2.646894895710151,3.1886988093938053,6.28707290395544,1.6491355484482149,3.168837277166455,7.447435653128995
pseudosphere_patch,gaussian_curvature,2,stress,0.1,28,0.04641940951172984,57.700923527897224,64.38769832745382,71.8562135163802,4.8824347199216795,5.835609364774857,6.904091612852835,0.35612157836018354,1.0029211000120477,1.2880001015389206,1.5210680077726553,1.6973396963508884,1.8942190325013346,2.023719597137499,2.4188008053742975,2.861675843888611,0.8817187686413138,2.4831248963314265,3.1889498770843283
pseudosphere_patch,gaussian_curvature,2,quality_controlled,0.05,28,0.04409556995441481,15.687102083356379,16.58522190138727,18.93445315390356,3.9965370628103707,5.221902276954317,7.679151693712817,0.5804277478445045,1.1410025899636713,1.6146653959106883,1.0492539788551538,1.109325991362639,1.266457641673555,1.6546994391509848,2.1620414456763277,3.1794245370532286,1.1038704153255081,2.1699841324748332,3.0708066039481525
pseudosphere_patch,gaussian_curvature,2,quality_controlled,0.1,28,0.04508000619304809,23.45140239079833,24.825127440438834,26.319217666785896,6.0858238610595485,7.816052046438763,10.98383049651883,0.7925464497766335,1.4339619576687963,2.063774117240892,0.5845753521322682,0.6188183279357795,0.6560616580202489,3.5706430915852057,4.585793621412518,6.444376205575844,3.1048279529623453,5.617595247457697,8.084906026158603
pseudosphere_patch,gaussian_curvature,3,stress,0.05,28,0.022392017457408823,36.44627023019777,40.74828532833928,43.80674356148812,10.443210564621248,14.970847601521129,22.009468111800075,1.39098120075242,3.291753243311471,5.074232466549752,1.891658337378712,2.11494436024274,2.2736864751345656,6.179242352639786,8.858242872898561,13.022991030770463,3.505528401547051,8.29582346552997,12.787998872968489
pseudosphere_patch,gaussian_curvature,3,stress,0.1,28,0.02329847499972829,57.12546082147543,59.233981757211325,61.93990389913582,12.01862010939737,20.5249812346041,25.862084477593257,0.715474562198519,1.4395457158421885,6.503170273157749,1.5058980961163668,1.5614813267299308,1.6328127951008844,4.981595953899093,8.507396235297549,10.719571316863517,1.771438150085414,3.5641605370273326,16.101150938161005
pseudosphere_patch,gaussian_curvature,3,quality_controlled,0.05,28,0.022072212981110735,14.556788450517464,15.453104672269557,17.106499126425273,9.945203953367159,12.689179172112741,14.871418330733416,1.5127447957740858,2.137778423364633,3.3908074494109064,0.973651355100397,1.0336027315234273,1.1441923547962014,4.117645638023105,5.253742760142538,6.157262446088781,2.8769717371265258,4.065674607799112,6.448713110925892
pseudosphere_patch,gaussian_curvature,3,quality_controlled,0.1,28,0.022577036072643962,20.36799907045819,21.774818795965217,22.968006080516332,11.164961086707358,15.00637511622877,18.914134821579438,1.4564582890468505,2.2210755483003464,3.4672232181299716,0.507715062426912,0.5427829923835262,0.5725256860358212,6.550648208396972,8.80446277476878,11.097203332832866,5.705725398720594,8.701139788018263,13.582966108603445
pseudosphere_patch,mean_curvature,0,stress,0.05,28,0.17625242990850956,1.278122129104837,1.4362188873648631,1.5667151036811595,0.8602111443131555,1.021520091506614,1.2010457143473703,0.08073984550924318,0.12901706176400451,0.18445934097529643,0.8899215435398584,1.0,1.0908609526474946,0.8420893054041179,1.0,1.175743604392527,0.6258075048781604,1.0,1.429728273557383
pseudosphere_patch,mean_curvature,0,stress,0.1,28,0.18366491612830071,1.8288038620220721,2.012031262669352,2.2559413496650427,1.2685778757398944,1.5631522169007255,1.8509744019874288,0.12772060226434723,0.18064562516204455,0.26316038457396185,0.9089341184469505,1.0,1.1212257938140069,0.8115510837806404,1.0,1.1841293394045596,0.7070229469979027,1.0,1.4567769595189426
pseudosphere_patch,mean_curvature,0,quality_controlled,0.05,28,0.1756397889940548,1.3139015019744753,1.507497437017887,1.7089041707611474,0.9261888476084496,1.2488808326155838,1.4964836281094531,0.10567079620475661,0.19075674120028666,0.2576446516702761,0.8715779342043984,1.0,1.1336033672744947,0.7416150712063482,1.0,1.198259745067353,0.5539557634495688,1.0,1.3506450678970234
pseudosphere_patch,mean_curvature,0,quality_controlled,0.1,28,0.1845308785557576,1.7516684633593531,2.027523896554312,2.2330825073008156,1.30851916600556,1.41985805621436,1.7681184791635058,0.11338562226245057,0.18452282976657178,0.29172669189466527,0.8639446698192987,1.0,1.1013840631401886,0.9215844923923925,1.0,1.2452783371020069,0.6144801833241317,1.0,1.5809788537478553
pseudosphere_patch,mean_curvature,1,stress,0.05,28,0.08989406745588609,3.6320934917709278,3.9324843098718016,4.123500452214538,2.5266325622440826,3.1100246092627337,3.8507436818020837,0.24935157827984245,0.42408068409913446,0.8899831445608686,2.5289275358542302,2.738081461306376,2.8710807861469005,2.4734046674673,3.0445065497202677,3.7696210909789545,1.9327023485928665,3.287012417589036,6.898181778382214
pseudosphere_patch,mean_curvature,1,stress,0.1,28,0.0926523132157158,3.9655538594748103,4.335870237411983,4.695540935948899,3.0771052419562936,4.423172813848469,5.422920554422456,0.4430689561162066,0.6575277855105794,1.0305506977276144,1.970920598029739,2.1549716039996345,2.333731599040538,1.9685256552028536,2.829649451937783,3.469221036691183,2.4526968517436303,3.639876608806647,5.704819570378079
pseudosphere_patch,mean_curvature,1,quality_controlled,0.05,28,0.08808849532521756,1.4188684970391126,1.6491413063229703,1.8971247733648535,1.417641686933922,1.9417546070105167,3.252447676207301,0.15290437346245564,0.24684646026578388,0.35858752054019494,0.9412079000584577,1.0939596087043977,1.2584597006796392,1.1351296696298037,1.5547957469599547,2.604289849973566,0.8015673391165369,1.2940379391709431,1.8798157186156421
pseudosphere_patch,mean_curvature,1,quality_controlled,0.1,28,0.09106994307981063,2.7386234437054533,2.8220187628103894,3.064409369660578,2.1662235819899305,2.519281332225048,2.8541146648207203,0.27675123925061684,0.3656537400512861,0.5597005202134417,1.3507231398651447,1.3918547483491004,1.5114048100090989,1.525662070591435,1.7743191449305724,2.0101408393106492,1.499821131080189,1.9816178871408574,3.033231827852866
pseudosphere_patch,mean_curvature,2,stress,0.05,28,0.04487028694792407,6.67488929003366,6.860543169285703,7.257554534182606,3.533260841380089,6.543241093802948,7.97863096396634,0.5157503283550472,1.1777172181489068,1.6980219271662425,4.6475431765700925,4.776808904019671,5.053237078297012,3.458826576938856,6.405396377620422,7.810547271957089,3.997535839860061,9.12838350251042,13.16121994990268
pseudosphere_patch,mean_curvature,2,stress,0.1,28,0.04641940951172984,8.700763777605864,9.074878655532967,9.457127546185248,6.364445834595742,7.720780782905292,9.378108091762714,0.6006960709984279,1.0120071451169252,1.2745184126423044,4.324368084650238,4.5103069837460525,4.700288569889577,4.071545794314631,4.939237970191634,5.999484880849777,3.3252732827578058,5.602168024878125,7.055351667105268
pseudosphere_patch,mean_curvature,2,quality_controlled,0.05,28,0.04409556995441481,1.7950291720362745,1.8923837873553455,2.0440792442993274,3.0489952203218476,4.007020591731768,5.841172103351239,0.28602753927974045,0.5726535463243108,1.1570802389330914,1.1907344768606567,1.2553147626564698,1.3559421025238356,2.441382028368718,3.208489142506652,4.677125271526368,1.4994360748668034,3.0020094845458085,6.065737083011946
pseudosphere_patch,mean_curvature,2,quality_controlled,0.1,28,0.04508000619304809,2.586758263839827,2.706289011934916,2.8945764459401597,5.169684127079824,5.883510471109307,7.820519132940442,0.5800435472421962,0.8243384294982141,1.1572866650935254,1.2758213445651168,1.334775396006003,1.4276410999936255,3.640986579224186,4.143731442279507,5.507958417893962,3.1434784951865997,4.467406177008193,6.271780389220868
pseudosphere_patch,mean_curvature,3,stress,0.05,28,0.022392017457408823,11.332424208365943,11.884847169689126,12.485653387307051,8.765387581532705,11.946567181466339,15.112241813094709,1.4391822274656858,2.405151565896719,3.4005778469189574,7.890457581405561,8.275094607267791,8.693419573541052,8.580729497551886,11.69489203471921,14.793876242616086,11.154975999207064,18.642120142963535,26.35758248113903
pseudosphere_patch,mean_curvature,3,stress,0.1,28,0.02329847499972829,15.91788817353878,16.453632940677345,17.046518572204956,12.20870499634378,16.610001355520957,19.738086867683833,1.491229051618766,1.8761855533881628,3.116471646305247,7.911352307926168,8.177622905743716,8.47229309428792,7.810311026874963,10.62596538963668,12.627104804174923,8.254996766631292,10.386000500732681,17.251852313111254
pseudosphere_patch,mean_curvature,3,quality_controlled,0.05,28,0.022072212981110735,2.078054766531305,2.1214836008468354,2.189036521140772,8.159357791846285,10.393104727349515,15.283322416444989,1.1204300123753042,1.8622254687834676,2.8323951694162695,1.3784798006967676,1.4072883633179027,1.4520996635795926,6.533335750503751,8.3219346921858,12.237614684530374,5.87360638122298,9.762304897147557,14.848204847672315
pseudosphere_patch,mean_curvature,3,quality_controlled,0.1,28,0.022577036072643962,2.7256101279927787,2.8193886220979922,2.8698874418051896,10.026952779085038,12.520206710048921,13.965257027062224,1.3105088840978265,1.8931619464708263,2.4204001029692552,1.3443048107224944,1.3905575302414042,1.4154641761226279,7.061940265929823,8.817928422669533,9.83567122497902,7.102150372155407,10.25977083088172,13.117076656753808
